$MeshFormat
2.2 0 8
$EndMeshFormat
$PhysicalNames
4
1 2 "boundary"
2 1 "domain"
1 3 "bottom"
1 4 "top"
$EndPhysicalNames
$Nodes
2765
1 1 0 0
2 1.5 0 0
3 0 1.5 0
4 0 1 0
5 1.020833333333333 0 0
6 1.041666666666667 0 0
7 1.0625 0 0
8 1.083333333333333 0 0
9 1.104166666666667 0 0
10 1.125 0 0
11 1.145833333333333 0 0
12 1.166666666666667 0 0
13 1.1875 0 0
14 1.208333333333333 0 0
15 1.229166666666667 0 0
16 1.25 0 0
17 1.270833333333333 0 0
18 1.291666666666667 0 0
19 1.3125 0 0
20 1.333333333333333 0 0
21 1.354166666666667 0 0
22 1.375 0 0
23 1.395833333333333 0 0
24 1.416666666666667 0 0
25 1.4375 0 0
26 1.458333333333333 0 0
27 1.479166666666667 0 0
28 1.499855077058741 0.02085060721222008 0
29 1.499420336238545 0.04169718544804116 0
30 1.498695861544735 0.06253570650983767 0
31 1.497681792968062 0.08336214375825032 0
32 1.496378326457456 0.1041724728917511 0
33 1.494785713882557 0.1249626727171548 0
34 1.492904262985288 0.1457287259271589 0
35 1.490734337318664 0.1664666198944483 0
36 1.488276356178414 0.1871723474242465 0
37 1.485530794520857 0.2078419075408762 0
38 1.482498182872225 0.2284713062521235 0
39 1.479179107226773 0.2490565573194273 0
40 1.475574208935714 0.2695936830189899 0
41 1.471684184569185 0.2900787149877332 0
42 1.467509785802358 0.3105076948713493 0
43 1.463051819260941 0.330876675148388 0
44 1.458311146351256 0.3511817199509191 0
45 1.453288683121352 0.3714189057000291 0
46 1.447985400066319 0.3915843219471171 0
47 1.442402321933576 0.4116740721500799 0
48 1.436540527556269 0.4316842743120922 0
49 1.430401149608604 0.4516110618645035 0
50 1.423985374395088 0.4714505843764337 0
51 1.417294441649671 0.4911990082125028 0
52 1.410329644273101 0.5108525173516401 0
53 1.403092328067116 0.5304073141645023 0
54 1.395583891499943 0.5498596200721365 0
55 1.387805785442323 0.5692056762654567 0
56 1.379759512861582 0.5884417444981032 0
57 1.371446628527703 0.6075641078108517 0
58 1.3628687387476 0.6265690711681563 0
59 1.354027501045541 0.6454529621997007 0
60 1.34492462382338 0.6642121319529929 0
61 1.335561866016087 0.6828429556227604 0
62 1.325941036809265 0.7013418331350066 0
63 1.316063995241609 0.7197051899414746 0
64 1.305932649848535 0.7379294777006695 0
65 1.295548958329606 0.7560111748982759 0
66 1.28491492709175 0.7739467876648898 0
67 1.274032610985524 0.7917328502376348 0
68 1.262904112814851 0.8093659257933539 0
69 1.251531582974762 0.8268426070399894 0
70 1.239917218925458 0.844159517041749 0
71 1.228063264938406 0.8613133096085439 0
72 1.21597201155927 0.8783006701036391 0
73 1.203645795195817 0.8951183160384049 0
74 1.191086997658946 0.9117629977180461 0
75 1.178298045684996 0.9282314988918008 0
76 1.16528141048886 0.9445206373441997 0
77 1.152039607285468 0.9606272655122505 0
78 1.138575194787546 0.9765482711133652 0
79 1.124890774700597 0.9922805777568608 0
80 1.110988991313353 1.007821145432332 0
81 1.096872530896805 1.02316697120462 0
82 1.082544121154176 1.038315089823187 0
83 1.068006530773804 1.05326257420669 0
84 1.053262568936555 1.068006535971184 0
85 1.038315084524252 1.082544126236614 0
86 1.023166965935512 1.09687253581185 0
87 1.00782114017184 1.110988996085349 0
88 0.9922805725358262 1.124890779306139 0
89 0.9765482659705873 1.138575199198472 0
90 0.9606272603953682 1.152039611552176 0
91 0.9445206322772882 1.165281414595853 0
92 0.9282314938439188 1.178298049661582 0
93 0.9117629927135585 1.191087001489822 0
94 0.8951183111035151 1.203645798865759 0
95 0.8783006652044043 1.215972015098004 0
96 0.8613133047877641 1.228063268319503 0
97 0.8441595122283613 1.239917222202505 0
98 0.8268426022844146 1.251531586116602 0
99 0.8093659210540183 1.262904115852181 0
100 0.7917328455809829 1.274032613879346 0
101 0.7739467830972977 1.284914929842962 0
102 0.7560111704516164 1.295548960924433 0
103 0.7379294733150396 1.305932652326677 0
104 0.719705185652789 1.316063997586927 0
105 0.7013418288568113 1.325941039072169 0
106 0.6828429513755598 1.335561868187586 0
107 0.6642121278168757 1.344924625866066 0
108 0.6454529581795611 1.354027502961906 0
109 0.626569067262835 1.362868740543043 0
110 0.6075641040204587 1.371446630206884 0
111 0.5884417408515399 1.379759514416773 0
112 0.5692056727335163 1.387805786890941 0
113 0.5498596166724263 1.395583892839428 0
114 0.5304073108848107 1.403092329306929 0
115 0.5108525141821318 1.410329645421167 0
116 0.4911990051884463 1.417294442697734 0
117 0.4714505815199664 1.423985375340802 0
118 0.4516110591530697 1.430401150464667 0
119 0.4316842716870282 1.436540528345107 0
120 0.4116740696171273 1.442402322656502 0
121 0.3915843195653045 1.447985400710441 0
122 0.3714189034583521 1.45328868369426 0
123 0.3511817178405368 1.458311146859466 0
124 0.3308766730819859 1.463051819728268 0
125 0.3105076929191547 1.467509786215419 0
126 0.2900787131684085 1.471684184927786 0
127 0.2695936813599047 1.475574209238835 0
128 0.2490565557810772 1.479179107485793 0
129 0.2284713048332242 1.482498183090895 0
130 0.2078419062711995 1.485530794698499 0
131 0.1871723462988996 1.488276356319943 0
132 0.1664666189112891 1.490734337428451 0
133 0.145728725045374 1.492904263071363 0
134 0.1249626719427555 1.494785713947296 0
135 0.1041724722540595 1.49637832650185 0
136 0.08336214325762789 1.497681792995927 0
137 0.06253570614572732 1.498695861559928 0
138 0.04169718517227513 1.499420336246214 0
139 0.02085060707206319 1.499855077060689 0
140 0 1.479166666666667 0
141 0 1.458333333333333 0
142 0 1.4375 0
143 0 1.416666666666667 0
144 0 1.395833333333333 0
145 0 1.375 0
146 0 1.354166666666667 0
147 0 1.333333333333333 0
148 0 1.3125 0
149 0 1.291666666666667 0
150 0 1.270833333333333 0
151 0 1.25 0
152 0 1.229166666666667 0
153 0 1.208333333333333 0
154 0 1.1875 0
155 0 1.166666666666667 0
156 0 1.145833333333333 0
157 0 1.125 0
158 0 1.104166666666667 0
159 0 1.083333333333333 0
160 0 1.0625 0
161 0 1.041666666666667 0
162 0 1.020833333333333 0
163 0.02094241993539632 0.9997806834737554 0
164 0.04187565383291494 0.9991228300945114 0
165 0.06279051968444896 0.9980267284185113 0
166 0.08367784353610266 0.9964928592323918 0
167 0.1045284635152609 0.9945218953422488 0
168 0.1253332338670896 0.9921147012762271 0
169 0.1460830289245591 0.989272332909511 0
170 0.1667687471430199 0.9859960369982972 0
171 0.1873813150784696 0.9822872506346926 0
172 0.2079116913723622 0.9781476006159212 0
173 0.2283508707194344 0.9735789027303725 0
174 0.2486898878326699 0.9685831609571653 0
175 0.2689198213400296 0.9631625665953004 0
176 0.289031797728759 0.9573194972952769 0
177 0.309016995222905 0.9510565160196355 0
178 0.3288666476532147 0.9443763699189727 0
179 0.3485720482740717 0.9372819891377505 0
180 0.3681245537092679 0.9297764854825875 0
181 0.3875155875386397 0.9218631511317625 0
182 0.406736644202907 0.9135454571407806 0
183 0.4257792927424223 0.9048270519120009 0
184 0.4446351803972742 0.8957117596375987 0
185 0.4632960363753961 0.8862035785748372 0
186 0.4817536753856926 0.8763066793379911 0
187 0.5000000013012025 0.8660254030331891 0
188 0.5180270107247 0.8553642593419668 0
189 0.5358267963745965 0.8443279246163404 0
190 0.5533915506728974 0.8329212397603065 0
191 0.5707135691354357 0.82114920812523 0
192 0.5877852537765775 0.8090169932966825 0
193 0.6045991163990223 0.7965299168578174 0
194 0.6211477818509021 0.7836934560794189 0
195 0.6374239913438866 0.7705132414561275 0
196 0.6534206056026396 0.7569950542598542 0
197 0.6691306080023282 0.7431448239976072 0
198 0.6845471075940948 0.7289686258574911 0
199 0.699663342191556 0.7144726779893977 0
200 0.7144726812768439 0.6996633388345265 0
201 0.7289686289818249 0.6845471042670171 0
202 0.7431448269565807 0.6691306047160552 0
203 0.7569950570448392 0.6534206023762035 0
204 0.7705132440928005 0.6374239881566965 0
205 0.7836934585664014 0.6211477787131112 0
206 0.7965299191859723 0.6045991133317915 0
207 0.809016995472329 0.587785250782057 0
208 0.821149210176244 0.5707135661844134 0
209 0.8329212417011235 0.553391547751733 0
210 0.8443279264322706 0.5358267935131484 0
211 0.8553642610358261 0.518027007927806 0
212 0.8660254045880862 0.4999999986080416 0
213 0.8763066807786621 0.4817536727651217 0
214 0.8862035799535278 0.463296033738204 0
215 0.8957117609097703 0.4446351778345011 0
216 0.9048270530750613 0.4257792902707931 0
217 0.9135454582159328 0.4067366417880756 0
218 0.9218631521035054 0.3875155852269547 0
219 0.9297764863456592 0.3681245515293977 0
220 0.9372819899018212 0.3485720462195474 0
221 0.9443763706020671 0.3288666456916346 0
222 0.9510565166116375 0.30901699340091 0
223 0.9573194978228514 0.2890317959813479 0
224 0.9631625670562176 0.2689198196892099 0
225 0.9685831613419804 0.2486898863339142 0
226 0.9735789030556596 0.2283508693325655 0
227 0.9781476008915935 0.2079116900754258 0
228 0.9822872508525415 0.1873813139364652 0
229 0.9859960371660751 0.1667687461510573 0
230 0.9892723330376699 0.1460830280566689 0
231 0.9921147013669075 0.1253332331492806 0
232 0.9945218954034393 0.1045284629330724 0
233 0.9964928592728848 0.08367784305388555 0
234 0.9980267284401833 0.06279051933998206 0
235 0.9991228301030792 0.04187565362849368 0
236 0.9997806834767056 0.02094241979455558 0
237 1.044998431216165 1.045960407825828 0
238 0.9565147346416534 1.131771763009154 0
239 1.131930071719353 0.9577837745361801 0
240 0.8620815616857076 1.206022573515026 0
241 1.206035745204948 0.860000861340929 0
242 0.7557439258908316 1.273448543789592 0
243 1.276085816546095 0.7562784632971593 0
244 0.645715720191001 1.333757553182149 0
245 1.333230144874205 0.6469492241544249 0
246 0.5340203510141044 1.382876257020669 0
247 1.384891219615239 0.5319773737722213 0
248 0.420068363193518 1.422624618896766 0
249 1.421354584314719 0.4165822940443379 0
250 0.2966780677156796 1.451904970145473 0
251 1.452685543165967 0.2983694102424184 0
252 0.6885565753636117 0.7483711864733099 0
253 0.7493197554347397 0.6893776965777523 0
254 0.6231755733849984 0.8040099412887832 0
255 0.8044432534951378 0.6239901470136783 0
256 0.5529569966251826 0.8538345477437723 0
257 0.8531949857872659 0.5543020435391348 0
258 0.4818654060716679 0.8974987457001091 0
259 0.8975779811113145 0.4820039165122619 0
260 0.4046257110256617 0.9347196712927828 0
261 0.9331038285911905 0.4058158761809928 0
262 0.9649067467469078 0.3247269956915496 0
263 0.3251778083892898 0.9649394591755807 0
264 0.9895743399067621 0.2425762258580853 0
265 0.2428468185616696 0.9886951373488775 0
266 1.216797929792321 0.01761819941979525 0
267 0.01754812181821753 1.218640798116657 0
268 0.01761330504820727 1.305306681227703 0
269 1.304025463868536 0.01781131993377029 0
270 0.1582122942487477 1.00640221059065 0
271 1.004942609361907 0.1608245176259747 0
272 0.2155981829473478 1.466612280218721 0
273 1.467140077496129 0.219188194878956 0
274 1.135322917294939 0.01712617925339406 0
275 0.01990964168430646 1.132475485186142 0
276 1.475739119453346 0.1340857595341372 0
277 0.1339833929578489 1.477083842395372 0
278 0.01398321262547563 1.365074662917899 0
279 1.36647450720256 0.01926040877820812 0
280 1.091743984728512 1.004256860694878 0
281 1.004094112580897 1.087993604759422 0
282 0.9079011965075421 1.169462959855152 0
283 0.8084355262904579 1.241445733033451 0
284 1.242683334909876 0.8088405464891073 0
285 1.168754189223553 0.9072345099595118 0
286 0.7019697384346214 1.305099384883167 0
287 0.4729024969972742 1.403466876578868 0
288 1.305780397549742 0.701369260281116 0
289 0.5910201236927131 1.357860730255594 0
290 1.403253222314367 0.4787278422580377 0
291 1.359880920251813 0.5890845382940204 0
292 1.439424546311903 0.3570400996516147 0
293 0.3563857302667126 1.438787287719785 0
294 1.014381958128666 0.09780690506687748 0
295 0.0955612266180851 1.013700146493915 0
296 0.01641102084229715 1.426607550623469 0
297 1.429184369930402 0.01786563055344532 0
298 0.01761437225273424 1.070892921375304 0
299 1.073825790899644 0.01497859220638822 0
300 0.9968345986444384 0.200997415405975 0
301 0.7198192279065205 0.7206155499903326 0
302 0.7776076248521985 0.6571293886586547 0
303 0.8303140390062291 0.58775393494282 0
304 0.6549101457019254 0.7793661534025138 0
305 0.8763066808371308 0.5182463244175739 0
306 0.5900090760026738 0.8284636238362983 0
307 0.5177919425896077 0.8757839534540445 0
308 0.9186850018079363 0.4420227618945212 0
309 0.4431013112424003 0.916599083494807 0
310 0.9492064535255677 0.3645810251449147 0
311 0.364776309262076 0.9504487077045916 0
312 0.284036055983833 0.9776585144166765 0
313 0.2012315453038447 0.9979972530420768 0
314 0.9784052396580997 0.2849877999949136 0
315 0.01975258796544084 1.257794184143893 0
316 1.258462435040665 0.01698156301914761 0
317 0.01783892319620417 1.178981092060765 0
318 1.177083333333333 0.01804219591217574 0
319 1.479962220814314 0.07317364242865007 0
320 0.0719341626337026 1.480769924444032 0
321 1.472486706771015 0.1744026106602881 0
322 1.459590985504708 0.2562031866710933 0
323 0.1747318027323403 1.471920050761754 0
324 0.2562031851125003 1.459590985901337 0
325 1.015881461192564 0.05353366800398971 0
326 0.05338192242129135 1.016617700070385 0
327 0.01611774879958676 1.46848156190551 0
328 1.468852976676585 0.01749658652302261 0
329 0.01598429732647914 1.031464371046608 0
330 1.032714020033737 0.0204316402618865 0
331 0.07438557206248061 1.015368921753715 0
332 0.08658848585668585 1.032612392597672 0
333 0.107741414812543 1.03081593939005 0
334 0.09849118569793459 1.049802171387605 0
335 0.1196503220630257 1.048004857020036 0
336 0.1105164346179037 1.067013289382184 0
337 0.1313714256478489 1.065328448938064 0
338 0.1223916745865447 1.084239992042572 0
339 0.1432181364696325 1.082559058742421 0
340 0.1342594572500511 1.101459534076122 0
341 0.1550833445449869 1.099770970856998 0
342 0.1461370354393402 1.118669462933179 0
343 0.1669521727348417 1.116976272881952 0
344 0.1579951450758339 1.135856908740215 0
345 0.1788174828643639 1.134175061973915 0
346 0.1698547199272848 1.153050727418542 0
347 0.1906815121675244 1.151372532516038 0
348 0.1817213877045068 1.170245630343948 0
349 0.202545619845389 1.168568825308568 0
350 0.1935867106014748 1.187440198442022 0
351 0.2144086456628533 1.185763713130984 0
352 0.2054506744999489 1.204633021303201 0
353 0.2262713179318972 1.20295699556206 0
354 0.235229847442237 1.184087107998921 0
355 0.2470916694549259 1.20128092239023 0
356 0.2560541022529207 1.182443707586884 0
357 0.2679154877620465 1.19961035733756 0
358 0.2768775194685595 1.180773304070073 0
359 0.2887391197918702 1.197936223667971 0
360 0.2977009854034746 1.179093880203506 0
361 0.3095629963411634 1.196259903506358 0
362 0.3185234802236044 1.17739743561448 0
363 0.3303871786730116 1.194580222764723 0
364 0.3393494754026301 1.175735727074642 0
365 0.3512112905626175 1.192905701881435 0
366 0.3601743507677201 1.174060787203815 0
367 0.3720360627531994 1.191229721752267 0
368 0.3809978394565995 1.17236652364388 0
369 0.3928599460352767 1.18955170059027 0
370 0.4018235515124224 1.170704590106668 0
371 0.4136819372655261 1.187879323371391 0
372 0.4226456080176216 1.169004618390401 0
373 0.4345064841348141 1.186197887629803 0
374 0.4434693260352887 1.167323852299379 0
375 0.4553103161401297 1.184532888178662 0
376 0.4642893984058665 1.165648024263786 0
377 0.2173123929555507 1.221824328680436 0
378 0.4761568994992412 1.182840231597464 0
379 0.4851171170847656 1.163969111649645 0
380 0.3006022792786144 1.215124693818133 0
381 0.4732530654105004 1.146772614580726 0
382 0.494078269385451 1.145096471881079 0
383 0.5059420335553935 1.162293052169989 0
384 0.514903241239277 1.143421395821436 0
385 0.5267655485001176 1.160618439285035 0
386 0.5357279561118786 1.141747169134884 0
387 0.5238648158848341 1.124548437210216 0
388 0.5446920595192926 1.122889331273925 0
389 0.556553183351417 1.14007555404457 0
390 0.5655177422204137 1.121219037795538 0
391 0.5773772152142462 1.138402254627992 0
392 0.5863412504855254 1.119531559399917 0
393 0.5744566604877912 1.102377615325921 0
394 0.5953029034172174 1.100679282067831 0
395 0.6071665357262435 1.117856468928598 0
396 0.6161308167578927 1.09898879305652 0
397 0.6042592008686085 1.081802063082073 0
398 0.6250954409789897 1.080117312673469 0
399 0.6369528378057007 1.097318218252575 0
400 0.6459225204374792 1.078444608859332 0
401 0.6340648578414734 1.061253794076155 0
402 0.6548914936782745 1.059574764091073 0
403 0.6667447597900434 1.076778988398044 0
404 0.6757172075322875 1.057904645498809 0
405 0.663860766409596 1.040711772836659 0
406 0.6846878278081874 1.039035354524373 0
407 0.6965371204928681 1.056242788025659 0
408 0.7055131664659199 1.037367493128223 0
409 0.6936581172659686 1.020172263970717 0
410 0.714485799705126 1.018498104530898 0
411 0.7263357746508496 1.035703503554899 0
412 0.7353125772172456 1.016830613547979 0
413 0.7234576311479547 0.9996254995185612 0
414 0.7442856978441129 0.9979602157191261 0
415 0.7561406950769959 1.015164247162139 0
416 0.7651134024362167 0.996296058133366 0
417 0.7532582376668764 0.9790898407575567 0
418 0.7740870889787806 0.9774265423825845 0
419 0.7622317902042646 0.9602183285262904 0
420 0.7830618754755682 0.9585554449008988 0
421 0.7949171232522781 0.9757608629712535 0
422 0.8038922055611232 0.9568920904648908 0
423 0.7920373589332739 0.9396852679696363 0
424 0.8128669962937418 0.9380232612189041 0
425 0.8247209027662719 0.9552297302245459 0
426 0.8336958065257406 0.9363621636400252 0
427 0.8218425933355996 0.9191537135200418 0
428 0.8426723320583829 0.917493575948249 0
429 0.8308192130568952 0.9002832987970235 0
430 0.8516499334365519 0.8986236524901017 0
431 0.8635017785569881 0.9158328515321192 0
432 0.8724799166088635 0.8969639925915398 0
433 0.8606275875430129 0.8797541764535658 0
434 0.881458056935534 0.8780956152364197 0
435 0.8696061708563341 0.8608839104007414 0
436 0.8904374415947027 0.8592258789372874 0
437 0.9022880136184213 0.8764363780079147 0
438 0.9112676530295702 0.8575679392522235 0
439 0.8994174565336491 0.8403574468671587 0
440 0.9202409469461774 0.8387056737764601 0
441 0.9083958037516182 0.8214890741601125 0
442 0.9292206259869645 0.8198368305174473 0
443 0.9173752895348868 0.8026186731057876 0
444 0.9382076102255874 0.8009622607144635 0
445 0.950038682959512 0.8181938194137166 0
446 0.9590366650828537 0.7993069714870923 0
447 0.9471893358917487 0.7820926896647582 0
448 0.9680223714538794 0.780436222198185 0
449 0.9561734620236645 0.7632238212904907 0
450 0.9770048479607176 0.761566098864556 0
451 0.9651557255546923 0.7443538119711396 0
452 0.9859876677428157 0.7426961482295141 0
453 0.9741426965728888 0.7254853332215572 0
454 0.9949715322751118 0.7238257590464434 0
455 0.983140313716097 0.7066182314490703 0
456 1.003959685067648 0.7049579343925911 0
457 1.015804322094116 0.7221700300641646 0
458 1.024787742737262 0.7033004888546006 0
459 1.012950836316972 0.6860924100660453 0
460 1.033772594615714 0.6844320989345551 0
461 1.021933381459804 0.6672226352760955 0
462 1.042762192091295 0.6655657742777856 0
463 1.030905416429764 0.6483474465072854 0
464 1.051745404802503 0.6466954934175106 0
465 1.039902278832826 0.6294831830712173 0
466 1.060729169310655 0.6278248466780989 0
467 1.048888200867304 0.6106132917956735 0
468 1.069713911196307 0.6089541857333699 0
469 1.057873597791634 0.5917427368388051 0
470 1.078696953106076 0.5900812010620022 0
471 1.066849311855852 0.5728672286531488 0
472 1.087679989673917 0.5712088353189667 0
473 1.075840911238733 0.5539987694982436 0
474 1.096664590672308 0.5523377233516713 0
475 1.084827191560355 0.5351278638664149 0
476 1.105649667382741 0.5334662309967603 0
477 1.093812312149971 0.5162562783793081 0
478 1.114633833211053 0.5145956457724175 0
479 1.10279804336591 0.4973851939765679 0
480 1.123618690167718 0.4957242032463904 0
481 1.11178307081993 0.4785136626269081 0
482 1.13260407737116 0.4768519243241897 0
483 1.120770245804828 0.4596430649163072 0
484 1.141589049420926 0.4579808554488837 0
485 1.129745032098584 0.4407668193716497 0
486 1.150571962128823 0.4391087660682307 0
487 1.138739055493774 0.4219002728681011 0
488 1.159557384641287 0.4202385270319287 0
489 1.147725697786177 0.4030306790289814 0
490 1.168541921627351 0.4013682794302088 0
491 1.156699210840516 0.3841552215046233 0
492 1.177524096233629 0.3824973441811671 0
493 1.16569275564232 0.3652906680011717 0
494 1.186508595080886 0.3636288347668735 0
495 1.174678451789947 0.3464233658205959 0
496 1.195491310209713 0.3447597244710963 0
497 1.183650515923471 0.3275507239252303 0
498 1.204470231743783 0.3258927475642018 0
499 1.192642579653368 0.3086926839526933 0
500 1.213454405072081 0.3070352537295562 0
501 1.201613630804027 0.2898291159702774 0
502 1.222438211372933 0.2881826782400311 0
503 1.210594146184513 0.2709729357155305 0
504 1.231401264981987 0.2693158316347872 0
505 1.108512071170528 0.5695529030167168 0
506 1.153434600270969 0.4751999829390644 0
507 1.219565752210095 0.2521167542178099 0
508 1.240400174452561 0.2505274811113965 0
509 1.072603677983642 0.6450374266441119 0
510 1.18937037630999 0.3997149339299459 0
511 1.036634902191756 0.7205129644257002 0
512 0.9798708145199417 0.7976483274646402 0
513 1.225292773450543 0.3242363456619584 0
514 0.3838988176035568 1.208420221359235 0
515 1.22854259861649 0.2332774837882431 0
516 1.249364860827356 0.2317392747274593 0
517 1.207729714303777 0.2349194964984385 0
518 0.9231162572686725 0.874777688414305 0
519 0.4107274526963805 1.151886389417474 0
520 1.252277898471747 0.2678144691610247 0
521 0.4463155585359223 1.203423217262416 0
522 1.180851464495164 0.2914647196071482 0
523 1.216703173728411 0.2160714531064021 0
524 1.195891935371374 0.2177216007157649 0
525 0.1964967136668518 1.223501269075438 0
526 0.2083557828460261 1.240688603517636 0
527 0.3482073427773065 1.156930379555807 0
528 0.89654434210953 0.804274189598719 0
529 1.153907797681644 0.3479329522508319 0
530 0.1875451984222846 1.242366370441513 0
531 0.1994014156534759 1.259549226988547 0
532 1.010097822224069 0.6500129640385979 0
533 1.204866473391877 0.1988724571221616 0
534 1.18405415967731 0.2005238062588345 0
535 0.9533239320812245 0.7271292689716923 0
536 1.126952072515363 0.404564375319138 0
537 0.2856760392321892 1.161952634746238 0
538 1.037087751505056 0.5933584803990686 0
539 1.099991556075608 0.4612195010463588 0
540 1.064040040151654 0.536722577470383 0
541 0.1785943960936677 1.261225223074995 0
542 0.1904497913209467 1.278405528183727 0
543 0.2112552720055966 1.276730810137973 0
544 0.2023026451535973 1.295585377856145 0
545 0.2231073333858276 1.293910921187282 0
546 0.1814978251567876 1.297258813584066 0
547 1.193030389067446 0.1816714917482581 0
548 1.21378775699836 0.1801041209666317 0
549 1.172216362621056 0.1833202230968769 0
550 1.163237968644498 0.2021770422249485 0
551 0.1877790893255331 1.115295938795196 0
552 0.1667392112595278 1.244046454584713 0
553 0.2141551946062288 1.312763752825603 0
554 0.2349582421348707 1.311089546886148 0
555 1.151398961857546 0.1849739760606103 0
556 1.142416811946835 0.2038317537979548 0
557 1.160379927366472 0.1661183172683779 0
558 0.1490386714079241 1.154747439686742 0
559 1.139560116441873 0.1677688133416878 0
560 0.2260074298803993 1.329940645678145 0
561 0.2468083776183892 1.328266668389384 0
562 1.148540718685215 0.1489132632586498 0
563 1.12772065844121 0.1505641347032916 0
564 0.2557600749984563 1.309420151908748 0
565 0.2676069097592782 1.326592259899186 0
566 0.2765613462672133 1.307746416418452 0
567 0.2884017735708096 1.324918945787986 0
568 0.2973627384893123 1.306073255426424 0
569 0.3092066748495846 1.323246917629506 0
570 0.3181661264028313 1.304399382811232 0
571 0.3300127372841335 1.321570900470172 0
572 0.3389703942678526 1.3027259278848 0
573 0.3508171820328906 1.319896624718582 0
574 0.3597746296627896 1.301051758109339 0
575 0.3716272179962101 1.318223891977579 0
576 0.3805799797698973 1.29938008673713 0
577 0.3924256953034481 1.31654837929284 0
578 0.4013836144853455 1.29770096452106 0
579 0.4132286341326622 1.31487304131935 0
580 0.4221869662898574 1.296031661184919 0
581 0.4340315298792102 1.313199107826159 0
582 0.4429895392750568 1.294348752611482 0
583 0.2586503420113603 1.345441545465115 0
584 1.136653575876546 0.1317412240390526 0
585 1.157463668118743 0.1301548023376571 0
586 0.454834573006763 1.311523323185287 0
587 0.4637924615437344 1.292673114906385 0
588 1.115873190014091 0.1333647834697004 0
589 1.10689802618685 0.1522172617916009 0
590 0.3210320409038614 1.340422613883454 0
591 0.1134700613359733 1.103208592740656 0
592 0.4756435783919725 1.309851128515474 0
593 0.484596225599858 1.290999448652525 0
594 1.124804820906866 0.1145423098326013 0
595 0.4958057392184094 1.307872962721025 0
596 0.5052914764538292 1.289275040533712 0
597 0.3834656717890767 1.335404078830658 0
598 1.104030449459884 0.116161549923377 0
599 1.027653785580416 0.7393790394903881 0
600 1.048480288987987 0.737723683624235 0
601 1.039502719508701 0.7565857335821164 0
602 1.060324835221786 0.754930979256761 0
603 1.051348973059506 0.7737897733886654 0
604 1.072168460365652 0.7721341816169132 0
605 1.063192619024087 0.7909912599987561 0
606 1.081144619955595 0.7532778027947772 0
607 1.092985965893261 0.7704784223241778 0
608 1.101961636616527 0.751625687746555 0
609 1.113800840913055 0.7688234210983182 0
610 1.122775492414116 0.7499732314330302 0
611 1.134611697107198 0.767170356427948 0
612 1.143585373494614 0.7483214931583659 0
613 1.125639702332964 0.7860181815074407 0
614 1.131750470464733 0.7311244584166758 0
615 1.152558647404534 0.7294734772490103 0
616 1.140724210280859 0.7122755893641701 0
617 1.161533052242868 0.7106246041070762 0
618 1.149709418826086 0.6934314631884175 0
619 1.170511601571316 0.6917746275291627 0
620 1.158686484764821 0.674582549550818 0
621 1.179485721246745 0.672923994642958 0
622 1.167660843286749 0.6557321953860353 0
623 1.188458898121056 0.6540774143269542 0
624 1.176635421459339 0.6368824608033132 0
625 1.197437365431073 0.635225098877444 0
626 1.185610330431556 0.618031438830329 0
627 1.206407917955553 0.6163780372140604 0
628 1.194584717930534 0.5991813490999828 0
629 1.215382290285002 0.5975281144167919 0
630 1.203560185166784 0.580331150364421 0
631 1.224362038591868 0.5786720143215092 0
632 1.21253625179276 0.5614796577753971 0
633 1.23333218310595 0.5598269779449252 0
634 1.221511919737717 0.5426303290826802 0
635 1.242306643221067 0.5409774939557399 0
636 1.230481377173442 0.5237760310539435 0
637 1.251287843712291 0.522120132704305 0
638 1.239462982673689 0.50492824852427 0
639 1.260256523735418 0.5032763617484896 0
640 1.248440807041137 0.4860808633467343 0
641 1.269230788894851 0.4844277796680632 0
642 1.257416296780572 0.4672317760989751 0
643 1.278212559236544 0.4655697587396186 0
644 1.266393462959802 0.4483816548142965 0
645 1.287180269601164 0.4467284032819062 0
646 1.27536754568823 0.4295342778458532 0
647 1.296152948335943 0.4278814609755067 0
648 1.284343179222402 0.4106877716346329 0
649 1.305134263599956 0.4090244255671305 0
650 1.293318824281271 0.3918397845238161 0
651 1.314099399170754 0.3901745820215617 0
652 1.302291547212973 0.3729936760734263 0
653 1.323070112552369 0.3713287380867945 0
654 1.311255037101784 0.3541448373635094 0
655 1.332039691455585 0.3524841079494319 0
656 1.320234819364233 0.3353062950691224 0
657 1.341011453978739 0.3336423796972728 0
658 1.329191158020817 0.3164580616271236 0
659 1.245166916075336 0.5770382511610785 0
660 1.27209105548626 0.5204915445506456 0
661 1.218243848477301 0.6335808420559491 0
662 1.349989663156592 0.314805407443124 0
663 1.338161029907257 0.2976179225705377 0
664 1.299013480370051 0.4639463592124625 0
665 1.19131889915773 0.6901271079311113 0
666 1.358960186102118 0.2959664461730369 0
667 1.347131409814921 0.2787797253061426 0
668 1.164389542650081 0.7466788576058925 0
669 1.325940992628062 0.4073712826345675 0
670 1.367929307669637 0.2771284608464172 0
671 1.35610123648985 0.2599425949345879 0
672 1.376898130239731 0.2582923635183556 0
673 1.365070258519943 0.2411073501530823 0
674 1.344274591898079 0.2427571528007399 0
675 1.353243907055539 0.2239221258005483 0
676 1.374038155181787 0.2222727731238242 0
677 1.362212028735191 0.2050887593486629 0
678 1.341418578114494 0.2067381369170266 0
679 1.350386309703327 0.1879061217110218 0
680 1.329593881878153 0.1895553535885597 0
681 1.338562811709489 0.1707245432401819 0
682 1.359353050404176 0.1690759280359732 0
683 1.347530133529494 0.1518957890604762 0
684 1.326741255747366 0.1535442080562142 0
685 1.3357086113649 0.1347166818170457 0
686 1.314920155094329 0.1363640926954626 0
687 1.356495593658053 0.1330693315375607 0
688 1.344675686877252 0.1158922056117737 0
689 1.365460526376006 0.1142447868232932 0
690 0.1577904778671853 1.262900681617859 0
691 0.1459372669972163 1.245727665490948 0
692 0.1369908985077311 1.264576660663604 0
693 0.1251402046230263 1.247407587110735 0
694 0.1161949196919445 1.266254218466786 0
695 0.1043471758845547 1.24908694919973 0
696 0.1132898629761088 1.230240275139577 0
697 0.1280441180467415 1.283422241640125 0
698 0.1072530906723956 1.285099337151312 0
699 0.1190983960259274 1.302264451133142 0
700 0.09831049039402301 1.30394002932072 0
701 0.1101546313168851 1.321103988515584 0
702 1.343835034402928 0.3697589172697687 0
703 0.9141367388473765 0.89364451113161 0
704 0.9349628529286571 0.8919842499789084 0
705 0.9259893032098954 0.9108459141002163 0
706 0.9468087906335688 0.9091875300946018 0
707 0.9378364344234105 0.9280453403080489 0
708 0.9586534013566257 0.9263869184144392 0
709 0.9496811551731655 0.9452426860805887 0
710 0.9676260573851012 0.9075313863487597 0
711 0.9794684749425033 0.9247295554259143 0
712 0.9884406563959363 0.9058766656321462 0
713 1.00028085410108 0.9230720495118401 0
714 1.009252252222267 0.9042215685440068 0
715 1.021090610517822 0.9214152624780492 0
716 1.030061464778786 0.9025662865128876 0
717 1.012121399726911 0.9402635414402472 0
718 0.9288661522383853 0.9469018098601789 0
719 0.940710105110607 0.9640974609849335 0
720 0.9198968443554723 0.9657570368205168 0
721 0.9317397683248874 0.9829512067680182 0
722 0.9109279325653645 0.9846105075298923 0
723 0.9227699212884138 1.001802509578534 0
724 0.9019595412966406 1.003462668117466 0
725 0.9138003098558656 1.020653919065587 0
726 0.8929917063581141 1.022313767823936 0
727 0.9435901895669102 1.000140372066639 0
728 0.9048313864153888 1.039505329063878 0
729 0.8840245058134315 1.041163812860665 0
730 0.8958637725192691 1.058354002278267 0
731 0.87505701408169 1.060013416457705 0
732 1.018223410669009 0.8853720219190846 0
733 1.039032887411787 0.8837175820217219 0
734 0.8632167365287488 1.04282234136796 0
735 0.8542503272196067 1.061672500796727 0
736 0.8660903797496388 1.078862339394803 0
737 0.8452846143966224 1.080522094431534 0
738 1.050868948391086 0.9009113106699247 0
739 1.059841139979534 0.8820635412702472 0
740 0.857125211071311 1.097710189877814 0
741 0.836319627420244 1.099370247633399 0
742 0.824480165453866 1.082183111528551 0
743 0.815515452535067 1.101032083996278 0
744 0.8273575995545569 1.118217331194553 0
745 0.8065505636035472 1.119880340442317 0
746 0.7947078874115679 1.102693383962633 0
747 0.7857456147600999 1.12155879593363 0
748 0.7975909732814503 1.138729051805694 0
749 0.7767860097246119 1.140393593526633 0
750 0.7649388189383006 1.123215768534696 0
751 0.7559768579040669 1.142059604746973 0
752 0.7678272055637889 1.159238488879345 0
753 0.7470155201618225 1.160907083170152 0
754 0.7351599459363443 1.143736378582552 0
755 0.726209713177616 1.162600411469904 0
756 0.7380614944869346 1.179759827215364 0
757 0.7172498860326946 1.181428507044024 0
758 0.7053648662159466 1.164326546262643 0
759 0.6964428383136156 1.183101669045652 0
760 0.7082904018417263 1.20027494438957 0
761 0.687485053742398 1.201944294315298 0
762 0.6755982315477072 1.184846569776676 0
763 0.6666808385759249 1.203610258712845 0
764 0.9166702338991818 1.056695895255697 0
765 0.4250351901282454 1.33205291638356 0
766 0.2052037552440906 1.331613658440201 0
767 1.14644919794632 0.7843646588512583 0
768 1.137478093460808 0.8032094462118408 0
769 1.383004372271357 0.2034394433674564 0
770 0.5684150287679924 1.157269534564343 0
771 0.5178049181650808 1.179487714063234 0
772 1.027195396253799 0.8665220751856859 0
773 0.2170582858630301 1.348790590500452 0
774 0.1962586075311345 1.350462707090552 0
775 0.2081098891732979 1.36763627303451 0
776 0.1873103440239629 1.369307128945393 0
777 0.5892355994400347 1.155595591625642 0
778 0.5802517518354497 1.174474379392587 0
779 0.5328158153202559 1.105716830531285 0
780 1.377280687471232 0.1314208649305517 0
781 1.386244903797397 0.1125962645470316 0
782 0.4822129579406084 1.127897821388362 0
783 1.090124653948186 0.7344260125563302 0
784 0.232060419658962 1.275056912746032 0
785 0.5177198466985866 1.308614871298883 0
786 0.5262616498698649 1.287995421525999 0
787 0.5143418726696494 1.270521904827264 0
788 0.5351615309071517 1.268865389582764 0
789 0.5470149018125607 1.286046789064839 0
790 0.5559563169239324 1.267133282236101 0
791 0.5678064586847971 1.284318157120789 0
792 0.5768679250606448 1.26540986805927 0
793 1.305951713715322 0.1551919726875901 0
794 1.294131326360608 0.1380108447712712 0
795 1.303098920679982 0.119184428168948 0
796 1.282311173723245 0.1208301144076972 0
797 0.1640462052664903 1.080886680890264 0
798 0.848774010636424 0.8625426664977134 0
799 0.8099867097938249 0.9019439592371656 0
800 0.7414000816003005 0.9618823404565418 0
801 0.750375067954591 0.9430076080148322 0
802 0.7295389284757544 0.9446720758986397 0
803 0.7385166532751636 0.925794647082047 0
804 0.7176764257889334 0.9274587256602203 0
805 0.7266564251686491 0.9085752028587324 0
806 0.7058145087680026 0.9102425730522272 0
807 0.7147941205954276 0.8913572801390945 0
808 0.6968329766707373 0.929126015384196 0
809 0.6849710192971452 0.9119314885493603 0
810 0.6759869950353887 0.9307986122567017 0
811 0.6641211023687481 0.9136005350403177 0
812 0.6551384791991576 0.9324676050578606 0
813 0.6432691603950944 0.9152451400475887 0
814 0.6342874344570328 0.9341322942341331 0
815 0.6522416354937136 0.8964168922511511 0
816 0.6224198007665744 0.9169086344749484 0
817 0.6134378451934835 0.9358006600355313 0
818 0.6253032030973036 0.9530266729510306 0
819 0.6044540668468722 0.9546921938939578 0
820 0.5925900137034039 0.9374663520962296 0
821 0.5836047103082631 0.9563613238653341 0
822 0.5954719068082004 0.9735854733328106 0
823 0.5746229956231632 0.9752542219093367 0
824 0.5627534072418725 0.9580303412885149 0
825 0.553772711699591 0.9769250712129693 0
826 0.5656445970806111 0.994146280178259 0
827 0.5447940967210023 0.9958188829637389 0
828 0.5329213680400603 0.9785966745017207 0
829 0.5239429885491212 0.9974917324157098 0
830 0.5120695972485092 0.9802691745396257 0
831 0.5030924291937664 0.999164240041047 0
832 1.082013122471471 0.4989712304045535 0
833 0.9055231660667975 0.7854021930223418 0
834 0.8846870304614798 0.7870596595296752 0
835 0.89366985183417 0.768182169723296 0
836 0.8728298860139901 0.769838787612773 0
837 0.881814508977796 0.7509584456088758 0
838 0.8609677997335747 0.7526177042957753 0
839 0.8710757973953523 0.7342674333976645 0
840 0.8519839526257447 0.7714976028844873 0
841 0.8401193383601728 0.7542767443836156 0
842 0.8311318972303964 0.7731611956943342 0
843 0.8192429275738903 0.7556262322763063 0
844 0.8102887024677671 0.7747639722272931 0
845 0.8284276520131196 0.7378147014154398 0
846 0.2114636582488844 1.149759361861983 0
847 0.7356391782583913 0.8896904005509978 0
848 0.7237763715891357 0.8724702110427227 0
849 0.7446182463306178 0.8708074578080094 0
850 0.7327578815263128 0.8535822576086274 0
851 0.7118921094794783 0.8552587459389366 0
852 0.7536014656040015 0.8519196370717077 0
853 0.7417454403738964 0.8347116152537978 0
854 1.200738197427175 0.5442227305686191 0
855 1.032927037748709 0.9386071933611883 0
856 1.023960473596271 0.9574522605243323 0
857 0.8424076899909273 1.044481306743993 0
858 1.090557415256191 0.607294429520976 0
859 0.342250365690986 1.211772151732183 0
860 0.5566666976597671 1.013037678244271 0
861 0.5149656414687208 1.016385460417418 0
862 0.4941161410066313 1.018058290692723 0
863 0.4822409276997639 1.000837426361108 0
864 0.4732649949222815 1.019732498445521 0
865 0.4613889743046304 1.002512134147172 0
866 0.4524134785824154 1.021407802883361 0
867 0.4643081822880846 1.03861421814138 0
868 0.4434415281618452 1.04030056699375 0
869 0.4315620558950019 1.023084062788055 0
870 0.4225871167252962 1.04197923022891 0
871 0.4107839588497904 1.025675130551899 0
872 0.4017469114386188 1.043808602145108 0
873 0.3893780203596088 1.02682585874039 0
874 0.38080622670588 1.045422591955802 0
875 0.4345098317442324 1.059196729382685 0
876 0.3927489803882108 1.062591775222827 0
877 0.3718967367585947 1.06424890646293 0
878 0.3600180607863975 1.047027608345018 0
879 0.351058830320546 1.065910700231465 0
880 0.339117326605158 1.047916808496254 0
881 0.3302008743224937 1.067455137705836 0
882 0.3182565059455496 1.049440595254346 0
883 0.3093448487853697 1.069085514802945 0
884 1.2073354370069 0.3619719935985886 0
885 1.171404134320993 0.4374518714624591 0
886 0.6785270752073937 1.220793324020454 0
887 0.657724559544858 1.222461001651281 0
888 0.2974504646635941 1.051306914713827 0
889 0.2884998209104351 1.07078660167694 0
890 0.7983864584139129 0.7572242906965843 0
891 0.8779301571543506 1.09604908843468 0
892 1.071675336652258 0.8992552938638099 0
893 1.080646983938892 0.8804116528795334 0
894 1.291278756066141 0.1020049470748031 0
895 1.270492562389025 0.1036507801265045 0
896 1.113007342726292 0.09730229547227764 0
897 1.133839364779152 0.09564908366208415 0
898 0.2766074934296567 1.05301999246039 0
899 0.267651852723114 1.07247436168106 0
900 0.08936977340304718 1.322778592220963 0
901 0.1012126139251475 1.339942136351837 0
902 1.092197740875521 0.09895033083316142 0
903 1.083217657934846 0.117807413270853 0
904 0.2557719359436483 1.055257672041527 0
905 1.398064683398068 0.1297718157008324 0
906 1.40702891160393 0.1109480741361993 0
907 1.395209691204839 0.09377385999380949 0
908 0.1991615943590189 1.386478777615637 0
909 0.1783648039067559 1.388150188938206 0
910 0.2199526987035451 1.38480608298726 0
911 1.353640307942142 0.09706819495304654 0
912 1.370790879872785 0.313153641593151 0
913 0.5210475853980197 0.9613719563068273 0
914 1.158281849922069 0.8015572843803815 0
915 1.149313022315191 0.8203987495844481 0
916 0.5889536371727102 1.282482836801665 0
917 0.4867339247247334 1.326654160481862 0
918 0.08956433937671816 1.06879439511054 0
919 1.09247955588196 0.8975990679553258 0
920 1.308454696770363 0.318011091574859 0
921 0.09249714781497045 1.231918714401282 0
922 0.1014374539263634 1.213071351181711 0
923 1.101475390382163 0.8787274000661238 0
924 0.5649263344580759 1.248268621974307 0
925 0.5858865194585747 1.246564460579393 0
926 0.4311703387913663 1.277181145715829 0
927 1.08964856063576 0.8615442834765326 0
928 0.3212463950694616 1.086426223977186 0
929 1.12893051854178 0.6950712998152082 0
930 0.3837841574365189 1.081453370675744 0
931 1.006384767913417 0.8681769853232121 0
932 0.285535161323524 1.288902126215874 0
933 0.881141490919077 1.00513382588816 0
934 0.5775133891763656 1.011365646362656 0
935 0.5059905633195239 1.035276544187101 0
936 0.6670068042830499 0.94968374397553 0
937 0.8221810507611444 0.7920226180519574 0
938 1.146888018193827 0.6573525916583197 0
939 0.327147662300298 1.285554761270028 0
940 1.154260069941078 0.2210380822039376 0
941 1.133444747286858 0.222698732570998 0
942 1.164833182999238 0.6196405133716737 0
943 0.3687668443388193 1.282209538175166 0
944 1.182783392975316 0.5819309947581419 0
945 0.4727444959828318 1.273821108226013 0
946 1.326332604296499 0.2804301457530972 0
947 1.126481309522264 0.5318101609752411 0
948 1.227676461088985 0.4876566047894027 0
949 1.285162984487708 0.1568383444469739 0
950 1.245633879382011 0.4499271313434426 0
951 1.263589972662932 0.4122089185485577 0
952 1.281543122140895 0.3745065693308179 0
953 1.320624277286942 0.2083877757614416 0
954 0.7894570149751472 0.7763997892147226 0
955 1.261523471176494 0.1224768557533939 0
956 1.249704312128887 0.1052955046578262 0
957 0.6695700077600462 1.239641718439058 0
958 1.083509945712234 0.9164437143775165 0
959 0.6903708580621692 1.237973700002929 0
960 0.8689647674456835 1.114894621158491 0
961 0.5001930903313283 0.9630440146713137 0
962 1.394830608639475 0.2206213758132937 0
963 1.403796096501607 0.2017902726156797 0
964 0.08646614303744732 1.28677650519616 0
965 0.4202284489666572 1.007076021309145 0
966 0.6458124615709054 1.205340564686825 0
967 0.1219993892962861 1.338273996757833 0
968 0.113053714887302 1.357105259698089 0
969 0.09227133373859148 1.35877890223903 0
970 0.1041115371369818 1.375939048501929 0
971 0.08332738025976244 1.377610511678004 0
972 0.09516956308205329 1.394771655064754 0
973 0.776966428770964 1.013500380228318 0
974 0.7679956527992704 1.032365629434784 0
975 0.523302741210417 1.251651754412651 0
976 0.2795319308629167 1.089783330628463 0
977 0.2586860908368258 1.091478375726422 0
978 1.101175023687039 0.08009101875216394 0
979 1.279460997801286 0.0848275532721473 0
980 0.8897666471978397 1.113234227658745 0
981 0.3481551712456266 1.029789510487604 0
982 0.7776517837810741 0.7603540321406521 0
983 1.080361261559426 0.08174391379083562 0
984 1.415991974640942 0.09212578948644431 0
985 0.7837898333793697 0.738659654091805 0
986 1.044761922168832 0.9557961326842122 0
987 1.035795703101872 0.9746385330561342 0
988 1.01499572919968 0.9762949236141738 0
989 0.6487696273877585 1.241310113156227 0
990 0.6606140193979276 1.258489284074094 0
991 0.5600029861825588 1.30257083703241 0
992 0.1902152418881378 1.405320473893388 0
993 0.1694262982879722 1.406994696332901 0
994 0.1222325932179058 1.211392233432791 0
995 0.5685383087143314 1.030252654252739 0
996 1.042374496489552 0.7926475859784718 0
997 1.202028225892501 0.1629551944982788 0
998 1.300243641834506 0.08318171053138065 0
999 1.054642344131162 0.6827730817629201 0
1000 1.116668011457713 0.8048672199377404 0
1001 1.015352322692553 0.8492992682493841 0
1002 0.2589545046597386 1.218474821097699 0
1003 0.899080256342577 0.967418534919384 0
1004 1.036193010260069 0.8476547324971252 0
1005 0.9439437256127632 0.8731383442120465 0
1006 0.8577531400711078 0.8436696452219432 0
1007 0.1103776468203173 1.194224235838935 0
1008 0.08958329715630078 1.195902312590174 0
1009 0.09852275088851725 1.177054348763416 0
1010 0.4613852292787836 1.129573701195776 0
1011 0.4703466990754686 1.11069538603659 0
1012 0.8909898350216681 0.7321643340929801 0
1013 0.8802816067930053 0.7154861269584951 0
1014 0.9000516155376124 0.7133135036233057 0
1015 0.8881978028729658 0.6960897687279668 0
1016 0.9088747407564323 0.6943482726825883 0
1017 0.8969805908102924 0.6771048922709044 0
1018 0.9178041493070994 0.6754335659394892 0
1019 0.9062027334895634 0.6583283655218586 0
1020 0.8661608501817475 0.6994074061134834 0
1021 0.9268232869843681 0.6565599967074828 0
1022 0.9152363405836299 0.6394611421588892 0
1023 0.9358307648368651 0.637678301586375 0
1024 0.9239598185165226 0.6204452010292257 0
1025 0.9447864624552992 0.6187719473481694 0
1026 0.9328949951552523 0.6015295692737465 0
1027 0.9537417364348721 0.5998678327687603 0
1028 0.9422831852880488 0.5828291412728467 0
1029 0.9628021703320917 0.5810097542421671 0
1030 0.951255665020919 0.563930177976912 0
1031 0.9718024050816784 0.5621229955365374 0
1032 0.9605203893165468 0.5451694446856992 0
1033 0.9808357244403474 0.5432534619468079 0
1034 0.9689786892721657 0.5260249822271928 0
1035 0.9897468152450788 0.5243237378912842 0
1036 0.9778681129041751 0.5070852472777798 0
1037 0.9987082515685086 0.5054181391839172 0
1038 0.9868378330195512 0.4881835745035264 0
1039 1.007690293035277 0.4865229387555801 0
1040 0.9958244393277864 0.4692899560103938 0
1041 1.016679604491407 0.4676308119078023 0
1042 1.004815100910347 0.4503982085410224 0
1043 1.025671725278783 0.448741332881657 0
1044 1.013806918262685 0.4315073001186878 0
1045 1.034665192036703 0.4298538136503866 0
1046 1.022799127399751 0.4126169996512952 0
1047 1.043656329488312 0.410961956422959 0
1048 1.031790972321503 0.3937262645231846 0
1049 1.052646507811966 0.392067262682067 0
1050 1.040782660742755 0.3748350950998387 0
1051 1.061637353745614 0.3731760410894598 0
1052 1.049929929223622 0.3560193402230636 0
1053 1.070654008300275 0.3542991375609835 0
1054 1.058951451149962 0.3371446148236443 0
1055 1.079653423197542 0.3354153578989363 0
1056 1.067793503136662 0.3181857735738872 0
1057 1.088619437325649 0.3165164558372002 0
1058 1.076755483313355 0.2992860617024305 0
1059 1.097599075311963 0.2976262897043956 0
1060 1.085738662519267 0.2803981194475194 0
1061 0.8850573852110076 0.6598472220593726 0
1062 1.064889247361094 0.2820544615335726 0
1063 1.073878800651668 0.2631668424272148 0
1064 0.9037106390652028 0.6235781459544186 0
1065 1.046694940543083 0.3189904559896208 0
1066 0.9217005052745477 0.5860182145007219 0
1067 1.02002531529209 0.3777440572357705 0
1068 0.9486783444059121 0.5305278553925623 0
1069 1.002871535481199 0.4147165019205655 0
1070 0.9659818378489518 0.4923306953574034 0
1071 0.9839574012806012 0.4520559401815928 0
1072 1.053026544839725 0.2648244883677098 0
1073 1.06201819427349 0.2459348288328141 0
1074 1.12165377616916 0.2054459563065623 0
1075 0.8369235709016851 0.8453311633319377 0
1076 1.145325197191106 0.2398754561414096 0
1077 0.9476465127404609 0.6548819439385634 0
1078 0.762593418307998 0.8330321956941866 0
1079 0.7744426091557722 0.8502629317851369 0
1080 0.7686336497456049 0.7783060330239768 0
1081 0.9746293127421755 0.5982128014893096 0
1082 1.001599602860245 0.5415445231995258 0
1083 0.4494632273275599 1.112397047853336 0
1084 1.064511709355967 0.4093003908456013 0
1085 1.091483896709778 0.3526300878474569 0
1086 1.388725700077331 0.2754764742253192 0
1087 1.404173978504997 0.07495210837249312 0
1088 0.07438077967626579 1.396444272745438 0
1089 0.08622929210723899 1.413604299430588 0
1090 0.1070097636777646 1.41193157180833 0
1091 0.07772893910748356 1.178733536178637 0
1092 0.08667149759619394 1.159882017020015 0
1093 0.3064524815525013 1.033143091002756 0
1094 0.09807016329733056 1.430763952811245 0
1095 1.424954878286994 0.07330443737690105 0
1096 1.026830367184598 0.993480030013609 0
1097 1.006031991284925 0.9951369858326268 0
1098 1.113284961047197 0.8959386485889795 0
1099 1.122280998541972 0.8770654779839335 0
1100 1.418848682942204 0.1281235921434379 0
1101 0.1188464983962639 1.429094696932647 0
1102 0.5098119802200237 0.9444484254873494 0
1103 0.07728877059876546 1.432443412284499 0
1104 0.07148689127155813 1.360447616037485 0
1105 1.170113853430806 0.8187445194321017 0
1106 1.179082587080419 0.799906052738186 0
1107 1.161145785990317 0.8375843316841741 0
1108 0.7568186813353842 0.7622996499622139 0
1109 0.7477612672786891 0.7800627238815739 0
1110 0.6398152937338614 1.260157840451158 0
1111 0.6516590097387707 1.277334796610284 0
1112 1.109456837284692 0.3148502104197301 0
1113 1.11844181530412 0.295968732995316 0
1114 0.5738944222738502 1.229427243573451 0
1115 0.5948152920659778 1.227746235487962 0
1116 1.436773050539782 0.09047662099960083 0
1117 0.7888370280998644 1.030686258196064 0
1118 0.1248905920142673 1.374285449758445 0
1119 1.037534275017561 0.4659756530230476 0
1120 0.6010293357530827 1.172814205056346 0
1121 0.1754555162663991 1.352132320015683 0
1122 1.019554366498841 0.5037527316213288 0
1123 0.8455467900015973 0.9535691665347247 0
1124 0.8365961653673593 0.9724265189925357 0
1125 0.5893807008126172 1.02858243586882 0
1126 0.2705604879545496 1.108709070731843 0
1127 0.9941893475521015 0.9779567669671041 0
1128 0.9945292425970553 0.8509525106278502 0
1129 1.40988510404279 0.1469471044811592 0
1130 0.172768834766688 1.189118815173383 0
1131 0.7564738021218856 0.8880388151384049 0
1132 0.7798519773766479 1.049561793490532 0
1133 0.06886520466650171 1.197623418753863 0
1134 0.7834320220794094 0.8313707503156642 0
1135 0.2497183257992661 1.11039461559847 0
1136 0.2378433541559536 1.093182375549992 0
1137 1.240733449754613 0.1241233851845645 0
1138 1.228912851583077 0.1069399810367092 0
1139 1.237886016248359 0.08811382950897678 0
1140 1.217092316662408 0.08975506510921016 0
1141 1.208120418654267 0.1085849774678239 0
1142 1.196344612866634 0.09136779614751007 0
1143 1.20527950259964 0.07256418449535643 0
1144 1.184466642493775 0.0740818866630642 0
1145 1.124580494516912 0.2414619984472936 0
1146 0.06601851523873005 1.161804399516871 0
1147 0.07501801843072009 1.142627088308389 0
1148 1.041559505593021 0.247464537981849 0
1149 1.050223010108296 0.2286825378291731 0
1150 1.032170125985648 0.2664846782275147 0
1151 1.071021164990386 0.2270428952124101 0
1152 1.059163787741675 0.2098127948564068 0
1153 0.264748694769376 1.036499083783374 0
1154 0.2439458696748438 1.038811639197906 0
1155 0.4879294298952469 0.9434826507054351 0
1156 1.415620974541031 0.2189693447917782 0
1157 1.424586050227276 0.2001403224976624 0
1158 1.190912549379242 0.8170908900697815 0
1159 1.288426456397573 0.06600674794541146 0
1160 1.309206807684033 0.06436085537683947 0
1161 0.8808027874952468 1.132078234616373 0
1162 1.43066922766728 0.1452992749261657 0
1163 1.017866381457942 1.012320017224786 0
1164 0.9970688628118649 1.01397765754545 0
1165 1.008902356047237 1.031159536084826 0
1166 0.9881057343872024 1.032817064426113 0
1167 1.199880842421847 0.7982537572628348 0
1168 0.901599430348055 1.130418458491528 0
1169 0.9105804638040347 1.111564726451854 0
1170 0.7358652650511737 0.7628480540981235 0
1171 0.7268582543839625 0.7815614754368945 0
1172 1.08934311811289 0.06289278745745691 0
1173 1.068525107103907 0.0645389992191128 0
1174 1.110149729057351 0.06124017568636492 0
1175 1.059593366541685 0.08335865768307726 0
1176 0.1812713994706279 1.424161308927662 0
1177 0.2020594265606151 1.422487702454962 0
1178 0.1404901390319767 1.046026920574582 0
1179 1.056595057278094 0.9729818565113534 0
1180 0.6308614616393549 1.279003211558653 0
1181 1.130298609159365 0.313189788860834 0
1182 1.038041642989824 1.010365676478975 0
1183 0.2616372433209431 1.12760928397527 0
1184 1.140346417840028 0.8392388165329647 0
1185 1.152155442588875 0.8564455954473122 0
1186 1.054201386840067 0.8098664277741701 0
1187 1.024360879275847 0.8304023268432774 0
1188 0.09565200638532706 1.141013784549707 0
1189 0.4584718135816679 1.093515166018629 0
1190 0.4792913423200877 1.091850642956473 0
1191 0.1604691981256524 1.425822659971964 0
1192 0.58040543302976 1.047465605309872 0
1193 0.5595620197902372 1.049139089958784 0
1194 1.065560987931253 0.9541421595617288 0
1195 0.9296793271994132 0.6926589213911077 0
1196 0.2914250598685809 1.107035167245049 0
1197 1.075030763524338 0.8081942525152455 0
1198 0.4046348545633667 1.079775532100133 0
1199 0.3956622511569179 1.098658151003574 0
1200 0.3748189832010708 1.100334487374812 0
1201 0.386691158506841 1.117543851052912 0
1202 0.1398953612815798 1.300596829722092 0
1203 0.08355821003688475 1.250766058552189 0
1204 0.9978431461301369 0.7599038760728376 0
1205 0.5386276118409464 1.177812651160694 0
1206 0.5296394621984124 1.19669968833312 0
1207 1.188051643295814 0.7810685230723592 0
1208 1.208849688561914 0.7794169222117693 0
1209 0.07170892594659037 1.233600019679339 0
1210 0.06277254406156219 1.252441511824757 0
1211 0.5087453728381701 1.198380433000505 0
1212 0.8843297135414426 0.9141726672152906 0
1213 0.5983565472606946 1.009697323508397 0
1214 0.7590205982766973 1.051233800771163 0
1215 1.383388106065602 0.07659904949174769 0
1216 1.392356119084442 0.0577816818814855 0
1217 1.371514595288784 0.05881476291133692 0
1218 1.066036581390291 0.8271137308568003 0
1219 1.086830953685234 0.8254539424521588 0
1220 0.7708775817806808 1.068425247911764 0
1221 0.7500637747665704 1.070091912529754 0
1222 0.8600036660446256 1.133737709516775 0
1223 0.8718400099581274 1.150918790126914 0
1224 0.8510445658772215 1.152578608316188 0
1225 0.6100430054576609 1.153928391876228 0
1226 1.05748151199795 0.7188580767976529 0
1227 1.397692565247422 0.2566403583298335 0
1228 1.409519876511594 0.2738242523511668 0
1229 1.418455908995307 0.2549710748710911 0
1230 1.400530554862749 0.2927636042205345 0
1231 0.7978046674268878 1.011825148878161 0
1232 0.87535155460428 0.9330392580974027 0
1233 0.2349327409739864 1.057159618162159 0
1234 0.2229783707563678 1.039098825401185 0
1235 0.2140609377159959 1.058644118068215 0
1236 0.2021026274951844 1.04051465534341 0
1237 1.267645692104394 0.06765219536083064 0
1238 0.2291814508421194 1.239017707821942 0
1239 1.197021187228917 0.7622316815640051 0
1240 1.217818874716593 0.7605801910013319 0
1241 1.205990349011105 0.743394181850993 0
1242 1.226788524859451 0.7417423942985684 0
1243 1.214960905248984 0.7245569189403779 0
1244 1.235758374917193 0.7229045927969017 0
1245 0.8458992171397697 0.8264559783299561 0
1246 1.391967853136331 0.1846071608267414 0
1247 0.7593549495269976 0.9241307852980132 0
1248 0.1277915410218595 1.410279461269492 0
1249 1.308800758024365 0.1912040551263279 0
1250 1.299838212503889 0.2100310263876931 0
1251 1.28806116038662 0.1928132056444856 0
1252 0.9353434866307779 0.7648751600069421 0
1253 0.8189640734177228 0.8830715785598657 0
1254 1.31165565970665 0.2272221223356827 0
1255 0.1548806240376906 1.226869767828917 0
1256 0.7205556739019801 0.9635564972316404 0
1257 0.4703644896473591 0.983614538072388 0
1258 0.4495100223424615 0.9852877525038277 0
1259 0.5301356969214566 0.9425226639890558 0
1260 0.5189175451454211 0.9256053426301595 0
1261 0.5391593094873643 0.9236386619440493 0
1262 0.5024956630822804 1.253305625840388 0
1263 0.9766008824283118 0.8886834549859418 0
1264 0.8513759882403323 1.025635548492778 0
1265 1.252554035150384 0.141306098602456 0
1266 1.166109476460058 0.2382481645728472 0
1267 0.8574080978377829 0.9707646398843381 0
1268 1.080031731789231 0.2082262505603997 0
1269 1.068143637095259 0.1909323083158128 0
1270 1.047293784423862 0.1925859266946841 0
1271 1.056285426399082 0.1736998669689264 0
1272 0.4585324059872148 0.966963877289119 0
1273 0.4376352065358844 0.9681568728379049 0
1274 1.22393041717898 0.7057189498152761 0
1275 1.244728141114616 0.704066474365902 0
1276 1.232900777952044 0.6868808654204651 0
1277 1.253698100132189 0.6852281411545202 0
1278 1.241871818540534 0.6680429088137745 0
1279 1.26266807680683 0.6663900314208686 0
1280 1.290879301297584 0.2288713745422742 0
1281 1.302685727644634 0.2460617808689321 0
1282 0.6102420010181607 1.026909532204894 0
1283 0.6192000714418164 1.008030055277374 0
1284 0.1311643083446022 1.192520130442007 0
1285 0.798131599646114 0.8847329925669261 0
1286 0.9117048022819294 0.7304459498310378 0
1287 0.8006995845243503 1.047874303992337 0
1288 1.250840053837598 0.6492035329187869 0
1289 1.271637891381108 0.6475524019768211 0
1290 1.259812038212883 0.6303657819760442 0
1291 1.280607805863604 0.6287123373919141 0
1292 1.283465500808492 0.6647402052475269 0
1293 1.268783428756966 0.6115273178931984 0
1294 1.289578455590347 0.609874991245111 0
1295 0.8071214247702321 0.8658528324105333 0
1296 1.157153340099066 0.2570952169277141 0
1297 1.277750856067953 0.5926871103223349 0
1298 1.298547812229699 0.5910343159905282 0
1299 1.286723773712504 0.5738494878264861 0
1300 1.30751774973595 0.572195353865969 0
1301 1.310376046490406 0.6082226361092752 0
1302 1.295695262513421 0.5550113149896888 0
1303 1.316487633482163 0.5533564814164692 0
1304 1.304661636862901 0.5361708194663206 0
1305 1.3254574325127 0.5345177310944036 0
1306 1.313635273966363 0.5173340520104477 0
1307 1.334427110255469 0.5156791747127493 0
1308 1.337285171731438 0.5517049517878035 0
1309 1.3226066019862 0.4984964650486865 0
1310 1.343396626408131 0.4968408909454947 0
1311 0.08379191759298063 1.123841266027787 0
1312 0.06317336691460745 1.125396423791732 0
1313 0.07193339224626311 1.106658295677553 0
1314 0.05113822543596649 1.108334958810467 0
1315 0.6218936331884249 1.17112013535055 0
1316 0.6308646886055098 1.152255738699022 0
1317 0.6127754728643771 1.190037485119821 0
1318 0.8250806882146323 0.8281160237612607 0
1319 0.5530953241628136 1.231133159393724 0
1320 0.5503736264887339 1.195070492070617 0
1321 1.33157182498747 0.479656287988307 0
1322 1.352365912325195 0.478002957928359 0
1323 1.340545783782124 0.4608209507003252 0
1324 1.361334919851239 0.4591655090909374 0
1325 1.364193191034054 0.4951893712270294 0
1326 1.349516480623451 0.4419846362303385 0
1327 1.370304854772036 0.4403301781897376 0
1328 1.358480438907418 0.4231457135053435 0
1329 1.379272134060885 0.4214922980420064 0
1330 1.367454155477489 0.4043124244490964 0
1331 0.06003646913281518 1.089507667556323 0
1332 1.388200105378041 0.4026382707353114 0
1333 1.376417102588889 0.3854750209827265 0
1334 1.397160275957127 0.3837996511331264 0
1335 1.38538315847391 0.3666399589676876 0
1336 1.121294068021196 0.332067192420856 0
1337 0.3658764626044784 1.119203123618503 0
1338 0.4075933157951359 1.115870332076461 0
1339 0.2441531945050272 1.16531637823954 0
1340 1.029312760776341 0.2311802502776847 0
1341 1.139315666809923 0.2944261737236751 0
1342 0.228976507920573 1.112090920396406 0
1343 1.175550094424027 0.09292977031341107 0
1344 0.2171138886456803 1.094886721056637 0
1345 1.089055688720308 0.1895371702486589 0
1346 1.163645320355738 0.07556269108740908 0
1347 0.6724552599403905 1.275666784089701 0
1348 0.663501459409596 1.294509195022274 0
1349 1.256221959084663 0.7210927703083879 0
1350 1.193494825295283 0.05533471968221903 0
1351 1.391090477666182 0.4385727635768359 0
1352 1.439386582646755 0.1263577610889507 0
1353 0.999938509842947 1.049999155890291 0
1354 0.9791424417032283 1.051657392710289 0
1355 0.9673090020547881 1.034479719483617 0
1356 0.9583463578403469 1.05331547949384 0
1357 0.9701795573241772 1.070497212239465 0
1358 0.9493848166458255 1.072154554839642 0
1359 0.9612176952241713 1.089334735318419 0
1360 1.214275572223074 0.05404055286444512 0
1361 1.098703421189768 0.04423226360592243 0
1362 1.134079497742275 0.8942902229761542 0
1363 1.125113499683747 0.9131257797033033 0
1364 0.1098656952512538 1.447381074574841 0
1365 0.8628698964621117 1.16963272049061 0
1366 0.8420732332895462 1.171272694064711 0
1367 1.23818202973234 0.7592273134006835 0
1368 1.07712249500551 0.9708760795240173 0
1369 1.086313548966088 0.9524117056887533 0
1370 0.7482546794556538 0.7462278088657248 0
1371 0.05092680101739653 1.235281281002104 0
1372 0.6190214999985433 1.261876174850153 0
1373 0.4374888002421505 1.095265847308021 0
1374 1.445146873656605 0.07137564319485107 0
1375 1.433916896212333 0.05448391605082135 0
1376 1.454644362021604 0.05279255364634281 0
1377 1.091914219950968 0.2256422398130877 0
1378 0.6427600336123798 1.169436495427199 0
1379 0.6516852010119896 1.150582581434944 0
1380 0.9404053938634132 1.091010915611759 0
1381 0.1575532463246158 1.389819264928098 0
1382 0.8305636509984942 1.027288592778059 0
1383 0.6311040588740188 1.025228773545261 0
1384 0.6400615360854688 1.006357015827127 0
1385 1.151131137103446 0.3117024039365026 0
1386 0.9464994042307023 1.036143490114698 0
1387 0.582876985907318 1.210607715485263 0
1388 1.321027801647606 0.08153619370241015 0
1389 1.329986864823667 0.06271463049587997 0
1390 0.3539823939613327 1.102006802712924 0
1391 0.345041828820249 1.120876529250161 0
1392 0.6281810554768887 0.9891449834584743 0
1393 0.6490189693824759 0.9874805192298833 0
1394 0.6609131323639117 1.00468097944538 0
1395 0.6698738108614453 0.9858091400521385 0
1396 0.830239668037394 1.154217697794815 0
1397 0.8212828016547414 1.173054879418298 0
1398 0.6398329486598345 1.133390188839424 0
1399 0.6606465035081301 1.13172215628362 0
1400 0.6725377404607156 1.148904432824505 0
1401 0.6814599059337694 1.130052763751905 0
1402 0.6696153866889506 1.112857734073028 0
1403 0.6904241578304383 1.111191264053232 0
1404 0.7023130114397 1.128375472012678 0
1405 0.7112386007971776 1.109523292517303 0
1406 0.6993998286809254 1.092325553426702 0
1407 0.7202240244133238 1.090651319479151 0
1408 0.7321008460801477 1.107829905474247 0
1409 0.9615235058949705 0.9624381755736717 0
1410 1.328748980330568 0.4435736958326087 0
1411 1.421707566513971 0.1641254644617569 0
1412 0.8961838634233537 0.9313733855918072 0
1413 0.5268384533141741 1.033603214458859 0
1414 0.5178617003556275 1.05249277434218 0
1415 0.4970186153392175 1.054166526436576 0
1416 0.5089822705548399 1.071368014605442 0
1417 0.5298034927415098 1.069687705386924 0
1418 0.9077105773200544 1.075535974585062 0
1419 0.5115003563076249 1.234451500382287 0
1420 0.4906485400839629 1.236114085354367 0
1421 1.301833930022674 0.5000963798615744 0
1422 1.194165174959901 0.7261951388639665 0
1423 1.274916966098236 0.5566215225960069 0
1424 1.221081914491397 0.6696722916282325 0
1425 1.247999366269104 0.6131473359852936 0
1426 0.5119991622183873 1.107360075201068 0
1427 0.8667348249229621 0.8247972767031848 0
1428 0.44050294030601 1.131306005452288 0
1429 0.7891585548398059 0.9036068470269335 0
1430 0.8548744058523093 0.8075870761448853 0
1431 1.17795241627044 0.255438791151184 0
1432 0.839528291421777 1.008453545444125 0
1433 0.5714573287852818 1.066344513349242 0
1434 0.4673565947422212 1.074679375291717 0
1435 0.7619600935472577 1.087275008793543 0
1436 0.7715758207627222 0.8141382802916239 0
1437 0.3778792219104342 1.136410719903619 0
1438 0.7387154528395291 0.7987107329635723 0
1439 0.7178812506386959 0.8003818007891297 0
1440 0.7060145604163708 0.7834882354879076 0
1441 0.697000058996372 0.8020970706580176 0
1442 0.7089223053868734 0.8192497547236517 0
1443 0.6879998575559032 0.8209375674413295 0
1444 0.7924089053432849 0.8125271452439986 0
1445 1.231801097313759 0.1428714912665514 0
1446 1.243588799692874 0.1599727611303011 0
1447 1.281909196525032 0.247699039124793 0
1448 1.293734640377691 0.2648876817695997 0
1449 1.094759986443972 0.2616339469804676 0
1450 1.276638711120914 0.0491826907610891 0
1451 1.255881321278185 0.05112765226310446 0
1452 1.127468292573379 0.277232582805861 0
1453 0.1932121247992813 1.060437878408589 0
1454 0.1814333670887076 1.043082284579655 0
1455 0.1928261593958531 1.440427869345706 0
1456 1.096958218253345 0.9702018640517786 0
1457 0.9218703926340598 1.128506381232422 0
1458 1.172485407282742 0.8545400099127939 0
1459 1.162739297944889 0.8731172552824634 0
1460 0.8328693927220879 1.189361640439353 0
1461 0.8122878838192891 1.191767217387473 0
1462 0.8243286949805254 1.210137620629056 0
1463 0.8023466166119847 1.21045712325956 0
1464 0.7913590461495084 1.193506681423945 0
1465 0.7824796727443086 1.212381525013071 0
1466 0.7707036275255117 1.195235437893885 0
1467 0.7617618119514213 1.214080032668279 0
1468 0.7734173891466309 1.231165979490717 0
1469 0.7527819681209409 1.232916792967688 0
1470 0.740972629154635 1.215755264654812 0
1471 0.7319960401929815 1.234613314610728 0
1472 0.2320102492354194 1.020953881036463 0
1473 1.036319791411114 0.1750569273784408 0
1474 1.044822959646731 0.1565366024920097 0
1475 1.065279996584509 0.1548147578831658 0
1476 1.053423061323713 0.1375847143687691 0
1477 1.03237110605867 0.1390177040228603 0
1478 1.041922093393545 0.120590517487284 0
1479 0.1306902681242637 1.446253560878161 0
1480 1.405491642678172 0.3650492236731949 0
1481 1.394244800079135 0.3478206062387619 0
1482 1.373554334060537 0.3494553704552016 0
1483 1.048118990803429 0.0648156722952601 0
1484 1.05642380045723 0.04719380698980048 0
1485 1.42982806427107 0.2719359918398272 0
1486 0.6769467555730313 0.8041013355655433 0
1487 0.6672726794502488 0.8226700692205604 0
1488 0.6790321423708262 0.8398458251174949 0
1489 0.6581737240014427 0.841517221444487 0
1490 0.6700496786088697 0.8587277222702889 0
1491 0.6492254876415784 0.8603846003227 0
1492 0.6373791219202478 0.8432079250047601 0
1493 0.6283612144761579 0.862058442542871 0
1494 1.21246228914858 0.8167309170822528 0
1495 1.318240874906279 0.04643964439958195 0
1496 1.338544423317251 0.04266364716004546 0
1497 0.4464865615896375 0.9508291128449244 0
1498 0.6560486614801615 0.8035337792860926 0
1499 1.460471431538642 0.08683526782208316 0
1500 1.441643456067351 0.1629584726220355 0
1501 1.416325589682229 0.381174642510694 0
1502 0.5274302478149631 0.9071037933847689 0
1503 0.5480731563046823 0.9048054803333466 0
1504 0.5599086528739485 0.9219339695341566 0
1505 0.5688639176913205 0.9029962476632506 0
1506 0.5584124598283028 0.8862399673284895 0
1507 0.5779912536826932 0.8841501394923379 0
1508 0.5897410947481111 0.9013441072625994 0
1509 0.5987123600610023 0.8824579139676456 0
1510 0.5867913633845887 0.8646875928265764 0
1511 1.435386562315407 0.2168310541935055 0
1512 1.444480117077091 0.1977954326666314 0
1513 0.6167728276685043 0.8460677721612022 0
1514 1.11871099953382 0.04331609910909007 0
1515 1.130881021066394 0.05973860034490772 0
1516 1.027490505847132 0.1936447979077251 0
1517 0.2132921476133775 1.438112708806858 0
1518 0.2227455224626085 1.420557968115616 0
1519 0.233860845236626 1.436110276677314 0
1520 0.2434796305048832 1.41878720850699 0
1521 0.1908149579909104 1.021205705887219 0
1522 1.021907742059895 0.1201235097132909 0
1523 1.380541020086394 0.04061222364110527 0
1524 1.400946936121996 0.03853091830569383 0
1525 0.04012711847287902 1.091757896234546 0
1526 0.04900039972120883 1.073099313585383 0
1527 0.03082458541524413 1.111317448821572 0
1528 1.325458732545333 0.02730187572519043 0
1529 1.021150556443446 1.048077638114876 0
1530 1.067304760832645 0.9890329211864298 0
1531 1.184094870406704 0.8716153442331027 0
1532 1.413366545252377 0.346187558827023 0
1533 1.403022364461017 0.3289904692508195 0
1534 1.426440201494611 0.3274779937336594 0
1535 1.035714594123397 0.08450206116076381 0
1536 0.7239644777403198 0.7453373306449694 0
1537 0.5046045453888933 0.90835455593923 0
1538 0.4238879517387053 0.9486760670489294 0
1539 0.416638125014521 0.970578150901235 0
1540 0.7643122110723352 1.250645204942124 0
1541 1.110366107099527 0.9515626071222046 0
1542 1.204682589310033 0.0365533876667162 0
1543 0.8836744068236428 1.168098273272706 0
1544 0.8727473796293199 1.186172255408619 0
1545 1.200410756119864 0.837453657508701 0
1546 1.107007987990016 0.02456212030483054 0
1547 1.012004106696427 1.066399071266508 0
1548 1.146442046802088 0.9106104804326884 0
1549 1.136956449073185 0.9296960660367833 0
1550 0.04199061867285363 1.2541164584711 0
1551 0.0541113801404009 1.271096005544256 0
1552 0.2563957066689759 1.438996028631834 0
1553 0.2645506096041373 1.417857335903718 0
1554 0.2525790334112845 1.400301119569289 0
1555 0.2733908301981025 1.398691994775664 0
1556 0.2852248406192951 1.415699958592585 0
1557 0.2941608123249007 1.396954269465735 0
1558 0.3059938156901973 1.413936339834358 0
1559 0.3149517121429702 1.395250069851918 0
1560 0.3031075106762743 1.378104871480447 0
1561 0.3239015471491049 1.376434817879376 0
1562 0.3357468942508715 1.393603401885247 0
1563 0.3446960006012734 1.374767155621502 0
1564 0.3565406136329416 1.391936297548295 0
1565 0.3654901836934286 1.373097386690929 0
1566 0.3773350576844208 1.390265119248467 0
1567 0.3862839046920561 1.371420859410392 0
1568 0.3981053839877384 1.388300050615448 0
1569 0.4070741082833317 1.369704648537471 0
1570 0.418894479114411 1.386571567861259 0
1571 0.4278662507457415 1.368016556737862 0
1572 0.4397102069031434 1.385179542363473 0
1573 0.4486627316825309 1.366388728150397 0
1574 0.2615326543347941 1.381470109311566 0
1575 0.3536661500207572 1.355928250357817 0
1576 0.388799916282888 1.407754641204364 0
1577 0.347545245265197 1.410200767085965 0
1578 0.4605085039427345 1.383575943134931 0
1579 0.4697470532984661 1.364886112455277 0
1580 0.4577394747583599 1.347595769094317 0
1581 0.4499113268766249 1.40214129668391 0
1582 1.139837827061694 0.03773247007642319 0
1583 0.7878891457315269 1.250764344930629 0
1584 1.441573662867003 0.03584089714490937 0
1585 0.9533797385920867 1.111014183639452 0
1586 0.9745639325988735 1.106614248688428 0
1587 0.4820091768444558 1.382134075058894 0
1588 0.490680339105924 1.362907909671728 0
1589 0.5022648741162613 1.378610643131335 0
1590 0.512970743503394 1.359205808702861 0
1591 0.06495312780810944 1.034086218418881 0
1592 0.04543332408009532 1.036607044670013 0
1593 0.9134342265027224 1.147597097995761 0
1594 0.1699151166830314 1.024517765814726 0
1595 1.388633616490868 0.02049235596267008 0
1596 0.9365089445952872 1.144936597010906 0
1597 0.03044818962655736 1.237257336796668 0
1598 0.1167245986193469 1.011500486867621 0
1599 0.1375748082511408 1.00901600282157 0
1600 1.01553213568699 0.07496418278916446 0
1601 0.1797133442472234 1.002478293115031 0
1602 0.2110356188363903 1.01803288859132 0
1603 0.2222593956959263 0.999702677154407 0
1604 0.9999125137458732 0.1805430400876877 0
1605 0.9935405938253191 0.2218031547292 0
1606 1.015138047538897 0.2124830448145348 0
1607 0.7045308840713379 0.7352319247107556 0
1608 0.7349261624751011 0.7045821202974888 0
1609 0.7560749923187423 0.7100119535957107 0
1610 0.7697914528689213 0.6941147389592873 0
1611 0.7768357628000455 0.715779746977607 0
1612 0.790228950191212 0.6989454335297607 0
1613 0.7972099490001923 0.7191474658710123 0
1614 0.810819657051983 0.703369513088077 0
1615 0.8045194020777682 0.6835325535894893 0
1616 0.8249433267412757 0.6884794857015071 0
1617 0.818707106109826 0.6680622225103113 0
1618 0.8388467104759547 0.6733947548624767 0
1619 0.8327270704007472 0.6528196874507586 0
1620 0.8522633228595652 0.6583357521620761 0
1621 0.8468813506746532 0.6376259645485364 0
1622 0.8311847631606952 0.7072493848980206 0
1623 0.8118946091506671 0.6469370054685808 0
1624 0.8704872495443525 0.6445721212142218 0
1625 0.8623074786845717 0.6230786041973354 0
1626 0.8416593891717024 0.6180469820027186 0
1627 0.8560331452855613 0.6028298161492911 0
1628 0.8758084120237701 0.6071010234165553 0
1629 0.8699868444127938 0.5888334582828059 0
1630 0.8890107861958577 0.5898730922788488 0
1631 0.8847829681892776 0.5723983622536326 0
1632 0.7621317076069525 0.7306092992537693 0
1633 0.7635940833705025 0.6733417053837109 0
1634 0.6735104359933687 0.7670561441076214 0
1635 0.7909115742177014 0.6413038084353033 0
1636 0.6061482672811831 0.8162265547575347 0
1637 0.8209434632934816 0.6078600514173351 0
1638 0.84168385110958 0.5707296211328879 0
1639 0.5739486399676225 0.8452768492862429 0
1640 0.5354176990622808 0.864523192610007 0
1641 0.8649453402209978 0.5363987988007046 0
1642 0.8860757210382866 0.5368532981936154 0
1643 0.8972460220049157 0.5188502455794042 0
1644 0.9072732517605708 0.5372789377183885 0
1645 0.9174836141846927 0.5189583179786353 0
1646 0.9079148827917171 0.5007142742611104 0
1647 0.9286558327648133 0.5012461868506429 0
1648 0.9188123591472461 0.4826539482015656 0
1649 0.9394800497375846 0.483318826305494 0
1650 0.929998089822737 0.4652866164680526 0
1651 0.9509260460553234 0.4657940604350452 0
1652 0.9411489312220571 0.4475570527158422 0
1653 0.935721050784706 0.428044972475223 0
1654 0.9521188419616831 0.4176035052785324 0
1655 0.9547320439379532 0.3977087382282234 0
1656 0.9708078849984437 0.4084332727408134 0
1657 0.9730129651895294 0.3897604954436626 0
1658 0.9704379364835725 0.4305813984390502 0
1659 0.9280218690269437 0.534647090913282 0
1660 0.9185570007319704 0.5525038989432727 0
1661 0.907831462125422 0.4633164091081843 0
1662 0.5002200676261188 0.8869664923723247 0
1663 0.485414279205502 0.9206475892468424 0
1664 0.4646263496876463 0.9121507154305815 0
1665 0.4713999380468923 0.9322340992513107 0
1666 0.4234617752530828 0.9257341816436516 0
1667 0.3846137113652717 0.9426107118654363 0
1668 0.3812679198842482 0.9634489751339987 0
1669 0.3615152444664809 0.9710966668410511 0
1670 0.3778415464036643 0.9843011328141446 0
1671 0.3584264528007193 0.9916444440678343 0
1672 0.3776965893769078 1.007558736457065 0
1673 0.3925296033811723 0.9942729173268987 0
1674 0.3418723692771405 0.9785089628251763 0
1675 0.3395212314920702 0.9984138191388929 0
1676 0.3222694591093098 0.9856559187922764 0
1677 0.3192219513422082 1.007859878066447 0
1678 0.3025878106217375 0.9934135958659709 0
1679 0.9575893154055121 0.3448544726656576 0
1680 0.978449109822525 0.3409544489730164 0
1681 0.985482925829557 0.3209339203536096 0
1682 0.9988125138113626 0.3367944535930585 0
1683 1.00555276989199 0.3175574619237439 0
1684 0.9927484008423786 0.3586749511767179 0
1685 1.018329343655336 0.3355176060876155 0
1686 0.9923788144799257 0.3011967299691808 0
1687 1.014884070737504 0.2980787352850934 0
1688 0.999330995587838 0.2806458586003676 0
1689 0.9841138682707548 0.2635752571639889 0
1690 1.007940666588355 0.2594993760206534 0
1691 0.9698361291880025 0.3606119378233046 0
1692 0.3051206616372583 0.9716307577828054 0
1693 0.2809005588351833 0.9993478173724215 0
1694 0.2634789712742786 0.9838692555350139 0
1695 0.2570105856766174 1.00428485173298 0
1696 0.07728578117117768 1.051454631809759 0
1697 1.359455174771563 0.03859425338488089 0
1698 0.6100128081535918 1.280703950976122 0
1699 0.6218988631503874 1.297853553632478 0
1700 1.151730921642807 0.05753076691042452 0
1701 1.161378262287172 0.03873342289115861 0
1702 0.8250760965296762 0.6308524585817095 0
1703 0.6859518986896689 1.294810108026125 0
1704 0.6932489519810736 1.274002543704335 0
1705 0.6738830943777305 1.313414584986642 0
1706 0.2944498806017586 1.013690084821968 0
1707 0.3284145308008891 1.030665756826954 0
1708 0.2853531916261451 1.033351562993906 0
1709 0.6542777523312453 1.313327149346637 0
1710 0.03920927480097178 1.21791988504442 0
1711 0.02878784012625032 1.199358688039016 0
1712 0.9715916235248298 0.3049823725652518 0
1713 0.8869167179339581 0.5001240558411407 0
1714 0.6011123264485195 1.299517733594536 0
1715 0.6129531844457665 1.316692693717951 0
1716 0.5923857779830022 1.318272702129765 0
1717 0.6025075419005034 1.336149678257153 0
1718 0.5819381504676067 1.336666195142875 0
1719 0.5692230501472633 1.353449020183361 0
1720 0.5619959564626031 1.334811395159255 0
1721 0.5491881023796117 1.350271328332269 0
1722 0.5416172294585113 1.332003169994074 0
1723 0.622789483066581 1.333777273970892 0
1724 0.5288616375211516 1.347153079739669 0
1725 0.5211405967383252 1.328126322950208 0
1726 0.5552096889584927 1.371594789214018 0
1727 1.15487342114396 0.8926384613438556 0
1728 1.131380682574023 0.8580789139746541 0
1729 1.11950886527993 0.8409191684302446 0
1730 0.4014228022487741 0.95589407922739 0
1731 0.6037168739513646 1.208927715241272 0
1732 0.6156177590968482 1.226051556297552 0
1733 1.412660817130204 0.3100914767037838 0
1734 1.433467966438238 0.3052605104752178 0
1735 0.6908819301719951 0.8570736494858473 0
1736 0.6819262092748326 0.8759498334896292 0
1737 0.5205180487895891 1.215602718076413 0
1738 1.355650533514354 0.387057052936187 0
1739 0.4996562520459579 1.217268075445562 0
1740 0.4788103682806315 1.218943180430411 0
1741 0.4698401196294827 1.237793130576794 0
1742 0.8073369632428803 0.7378641575684008 0
1743 0.08078737975105839 1.087770348368633 0
1744 0.5979900061636445 1.263664244081065 0
1745 1.033370160343313 0.8115335292614796 0
1746 1.021550840276631 0.7943094066030542 0
1747 0.8215845356960513 1.046153582659291 0
1748 1.110501833094568 0.8598094087565955 0
1749 0.9313573209990887 1.109922806289115 0
1750 0.8186950395176211 1.010116297030742 0
1751 0.1045601251701669 1.122148451901602 0
1752 0.1164057880329052 1.139304597162059 0
1753 0.7840896009365919 0.6777099577567083 0
1754 1.172533339462251 0.0562804849493426 0
1755 0.4784577963377691 1.345791376776269 0
1756 1.045215152708746 0.8287531689720165 0
1757 1.057018456722274 0.8460140253201933 0
1758 0.7411036387849949 1.088957750771095 0
1759 0.7292031639826329 1.071779632747262 0
1760 1.012544222575696 0.813156910211197 0
1761 1.003532622081497 0.8320571329186617 0
1762 0.9827093726877841 0.8337351837247713 0
1763 0.9737260101822681 0.8526371653501835 0
1764 1.142918223422666 0.8752726545013954 0
1765 1.116150938845319 0.9319625229759597 0
1766 0.4160264172114256 1.350904150413126 0
1767 0.6579933073640134 0.9685970991616837 0
1768 1.000714809465958 0.7959592356402189 0
1769 1.350648634438425 0.06015173504192818 0
1770 0.9618745838809681 0.8354303828749099 0
1771 0.5506102605086307 1.068013498866878 0
1772 1.074524317332368 0.9352828853955972 0
1773 0.2052334975371897 1.077662176170665 0
1774 1.142779376717101 0.07676860603868199 0
1775 1.077520124152967 0.04569324574130781 0
1776 1.095845387340255 0.8065387339056866 0
1777 0.042674822881712 1.128264590213323 0
1778 0.0348551622739918 1.1487219018547 0
1779 1.332856192011193 0.09871483599544625 0
1780 0.3120625166221058 1.359269216097039 0
1781 0.2912710260060181 1.36094036573311 0
1782 1.154644029944568 0.0943750264125488 0
1783 1.176222043213946 0.7638822901402751 0
1784 0.9051609023362928 0.9125084162317958 0
1785 1.018677243294494 0.7582428029452504 0
1786 0.3331411923260302 1.103675998998618 0
1787 0.3241794187343005 1.122570374399859 0
1788 0.3361944670764226 1.139753329360613 0
1789 0.3153660836195509 1.141425188764706 0
1790 0.3033365525001905 1.12421177018114 0
1791 1.082912244075939 0.244409013152619 0
1792 1.169345813778342 0.1472776398722834 0
1793 1.178415444960005 0.1286437441027326 0
1794 1.19027166094542 0.1458306123946645 0
1795 0.1609049633738764 1.171928487194923 0
1796 0.1400989032150348 1.173648942913892 0
1797 0.5593987945958381 1.176173062796416 0
1798 0.8663754697581318 0.9519046109964118 0
1799 0.8782189112623335 0.9691116526592464 0
1800 0.05723768843583173 1.18104756144953 0
1801 1.077224833280404 0.1722534242629419 0
1802 1.427243739675641 0.2360515821094227 0
1803 1.448656869545724 0.2339336651934445 0
1804 0.1846338700294266 1.206310715017314 0
1805 0.1638277059495348 1.208001062834148 0
1806 1.226071498099994 0.07097834018625374 0
1807 1.235080258853158 0.05258211441688843 0
1808 0.169642964987073 1.280079419923846 0
1809 0.1606958571902961 1.298929182367041 0
1810 0.1725470842115941 1.316107829084179 0
1811 0.1517469096644233 1.317774123473141 0
1812 0.1635997566785206 1.334953448322868 0
1813 0.1427942484807423 1.336610635550389 0
1814 0.1546498165306039 1.3537957763342 0
1815 0.1933501135053363 1.314435505611781 0
1816 1.362570374003284 0.07799041148250897 0
1817 1.225622032901686 0.1972661551592598 0
1818 0.5358162015927486 1.014711788789357 0
1819 0.3003915404213795 1.08808169004849 0
1820 1.047339146316722 0.9915834669336825 0
1821 1.059216810937013 1.010426952403773 0
1822 0.547581353861365 1.15894940183099 0
1823 1.02854256557979 0.4848638194234461 0
1824 1.040389593577203 0.5021023792981263 0
1825 1.031400340105923 0.5209910234581818 0
1826 1.052206206021372 0.5194188723249287 0
1827 1.010573330204554 0.5226494479855186 0
1828 1.022417707846379 0.5398829661784906 0
1829 1.013442599659911 0.558760564345552 0
1830 1.034272215309828 0.5571409731525838 0
1831 1.025308378712043 0.5759769696361847 0
1832 1.004449199880276 0.57766484353942 0
1833 1.049377104874902 0.4832178211357382 0
1834 1.058368430424091 0.4643344410464995 0
1835 1.070181247034463 0.4816578369156597 0
1836 1.046524695769258 0.4470925371480503 0
1837 1.067363380125654 0.4454427436582878 0
1838 1.055516943578261 0.4281961553640353 0
1839 1.07636884921482 0.4265319821258172 0
1840 1.085342725877392 0.4076281668531492 0
1841 1.097226948036862 0.4248542112168188 0
1842 1.088182451977202 0.4438739307806731 0
1843 0.9926240071606556 0.5604451733654985 0
1844 0.9836283424383541 0.5793299456206966 0
1845 0.9954645907656461 0.5965630809050635 0
1846 0.9864800442753425 0.6154680035678159 0
1847 1.007277446936952 0.6138741471586759 0
1848 0.9656385159132315 0.6171082686204534 0
1849 0.9775010805848223 0.6343661635465991 0
1850 0.9566689094054954 0.6360061084003156 0
1851 0.9685182208418304 0.653242429775709 0
1852 0.9595122262820488 0.6721308480602755 0
1853 0.9803249243978545 0.6705191339404647 0
1854 0.9386681351788253 0.6737760147892399 0
1855 0.9505054434283209 0.6910201606020141 0
1856 0.9415023903651042 0.7098899155955444 0
1857 0.9207146712311722 0.7115723887068423 0
1858 1.198353409163266 0.3808429071507042 0
1859 1.219180491748649 0.3791839914032602 0
1860 1.228160435041962 0.3603190622488259 0
1861 1.239986001088588 0.3775187705648595 0
1862 1.248961286475995 0.35865895338005 0
1863 1.231002528365043 0.3963886612917887 0
1864 1.251774296490836 0.3948364255008741 0
1865 1.237137042777451 0.3414574984075733 0
1866 1.257956981670397 0.339811381145493 0
1867 1.269799815373094 0.3570157420239368 0
1868 1.278776179302691 0.3381637502263827 0
1869 1.266921516746083 0.3209536553489541 0
1870 1.216314942260868 0.3431004867806782 0
1871 1.246116611109678 0.3226025974314347 0
1872 1.255105844764314 0.3037559296309186 0
1873 1.275920066005145 0.3022071267580501 0
1874 1.264117997334172 0.2850502770883476 0
1875 1.243271967759989 0.2865857388986096 0
1876 1.162419430291378 0.4563246789097196 0
1877 1.183249629079119 0.4546677894546568 0
1878 1.192232348606566 0.4358019435884964 0
1879 1.204060654018529 0.4530055418096046 0
1880 1.213040003347803 0.4341427503585646 0
1881 1.195075248704137 0.4719009945884445 0
1882 1.215857485396501 0.4703297665180476 0
1883 1.201211652906407 0.416931712918082 0
1884 1.222015919742523 0.4152614771447642 0
1885 1.233814410983871 0.4325694569145621 0
1886 1.117496732630479 0.5506811351967729 0
1887 1.138327668576195 0.5490244082059393 0
1888 1.147310045249455 0.5301580493732592 0
1889 1.159144827854789 0.5473766017649441 0
1890 1.168124674292962 0.528514853949285 0
1891 1.150163440725425 0.5662431781016382 0
1892 1.156293971680769 0.5112961385943099 0
1893 1.177117529710606 0.5096465735861018 0
1894 1.188962440300144 0.5268531435152213 0
1895 1.197931814249495 0.5080286147064361 0
1896 1.170957398287458 0.5646587713738246 0
1897 1.186086926141609 0.490789425961622 0
1898 1.129343837443863 0.5678939615197196 0
1899 1.141183706974078 0.5851096849783179 0
1900 1.120365288746357 0.5867628675257663 0
1901 1.132209852884384 0.6039759119249772 0
1902 1.153004058696498 0.6023794139398749 0
1903 1.111392601176132 0.6056319885458353 0
1904 1.123239252632654 0.622842485096138 0
1905 1.102427793292038 0.6245009357841391 0
1906 1.114270196010023 0.6417106518310468 0
1907 1.09345938184526 0.6433687256379694 0
1908 1.105301540908713 0.6605782299482295 0
1909 1.084491107865663 0.6622362356227132 0
1910 1.096333468973297 0.6794588854531991 0
1911 1.075523065842622 0.6811033925527176 0
1912 1.087325085496428 0.6983499553497859 0
1913 1.066502497104148 0.6999859893838827 0
1914 1.135059784395248 0.6401035730113012 0
1915 1.117142627845507 0.6778087078917708 0
1916 1.081581891480682 0.6261634249997775 0
1917 1.099534142098235 0.5884218412512059 0
1918 1.063627965452814 0.6639019007129598 0
1919 0.3451300712203789 0.957775359267187 0
1920 0.0775269721395315 1.30561543950111 0
1921 0.06858775677570804 1.324451920790804 0
1922 0.05687977826372246 1.307354716804931 0
1923 0.04796437940445925 1.326197816227406 0
1924 0.05967446233404709 1.343296484886537 0
1925 0.03955302409806863 1.34505012921456 0
1926 0.02853537684341267 1.325624129074464 0
1927 0.05159560651380175 1.362495095711949 0
1928 0.06269200136581274 1.379340716888452 0
1929 0.05361902935818236 1.398117582063427 0
1930 0.04221365943603933 1.38183385013926 0
1931 0.03376813289262845 1.400611217463822 0
1932 0.04572366397512587 1.416577160654453 0
1933 0.06562501343698413 1.415220221613469 0
1934 0.05681128573670947 1.434097170089817 0
1935 0.06893230767107469 1.450252746139549 0
1936 0.04968535216812517 1.452270316519923 0
1937 0.08043380524134991 1.341615942087776 0
1938 1.237505823018996 0.2144491413227156 0
1939 1.246491091787513 0.1957498267906365 0
1940 1.258339078222916 0.2130754848142179 0
1941 0.06575132231844429 1.288431889301831 0
1942 0.04628416363759156 1.289951967270567 0
1943 0.07467755713426859 1.269574916105855 0
1944 0.88689849960498 1.077199995026997 0
1945 0.3987701748785003 1.13473975381557 0
1946 0.9525526346781532 0.981292060369781 0
1947 0.9644146407455745 0.9984709574814115 0
1948 0.9733754971047528 0.9796211990490404 0
1949 1.029700687916944 1.029501279066867 0
1950 0.9195936063093809 1.092686903244701 0
1951 0.79528114353652 0.8486128907262025 0
1952 0.3630732957144182 1.210096075249264 0
1953 0.3749367451428498 1.227288043617369 0
1954 0.3957568985971346 1.225614240435533 0
1955 0.3867977483691498 1.244478645944056 0
1956 0.4076039737909559 1.242800007056216 0
1957 0.3659617036189109 1.246152968893869 0
1958 0.4165722838536522 1.223940799568174 0
1959 0.4283771564772754 1.241142123387547 0
1960 0.3986212638095841 1.261672251152759 0
1961 0.4373373441127751 1.22229561893283 0
1962 1.181212063278539 0.1645289131464566 0
1963 0.2824305028550944 1.125934177678346 0
1964 0.2736068921145697 1.144790852216912 0
1965 1.246689552828447 0.740253693858542 0
1966 0.6788287723763512 0.9669336735541392 0
1967 0.6907212314647655 0.9841306216233321 0
1968 0.6996892068346796 0.9652504774511578 0
1969 0.09541618274291593 1.267926330778672 0
1970 0.3214270146013828 1.213448823349496 0
1971 0.3124664904771802 1.232316308285641 0
1972 0.2916471176579097 1.233992670334433 0
1973 0.3035015729910378 1.251178845780173 0
1974 0.3243175271071966 1.249503809759752 0
1975 0.2826858956185403 1.252855919046421 0
1976 0.2945118106960808 1.270040591359426 0
1977 0.2708319980724835 1.235672969964229 0
1978 0.2618717270342071 1.254533890406583 0
1979 0.7862831339152239 0.8675073351420122 0
1980 0.9704956180619866 0.9435828627469305 0
1981 0.9913095274213115 0.9419243656355132 0
1982 1.041897658713832 0.9197609977123725 0
1983 1.062700783087022 0.9181014982916912 0
1984 1.095863076982464 0.9337410113574257 0
1985 1.08249451595962 0.3715194432818594 0
1986 1.103340496044179 0.3698562619133338 0
1987 1.112304808934666 0.3509553891271868 0
1988 1.124185626948848 0.368197340049046 0
1989 1.11519959262864 0.3870774880825127 0
1990 0.8157656239548917 0.97409191680514 0
1991 0.2409630770596652 1.129305366842851 0
1992 0.4136198365824899 1.060907140037357 0
1993 0.425564478304906 1.078089382069252 0
1994 0.416552764878957 1.096976683300301 0
1995 0.4285601138262283 1.11415026867818 0
1996 1.297495170460155 0.04850987576514233 0
1997 0.5806071117787933 1.301061418089833 0
1998 0.6993284369044844 1.219125650541987 0
1999 0.7111746568869648 1.236300987959376 0
2000 0.7022126557083588 1.255151560746189 0
2001 0.723026175159337 1.253542122427953 0
2002 0.7437917682043216 1.252701200278661 0
2003 0.7348902887895039 1.271041222933883 0
2004 0.7139595442954559 1.271783361658019 0
2005 0.8449389868531414 0.6934890957698223 0
2006 0.8489820430628585 0.7131407050319019 0
2007 0.368238025742219 1.408113070800369 0
2008 0.3802302403972719 1.426276976279785 0
2009 0.5387284941197957 1.050810199924786 0
2010 0.6461510753241966 0.9513596962967525 0
2011 1.210199653537966 0.3980543480618438 0
2012 0.08065865043176935 1.214760299051831 0
2013 0.6012904196287929 1.045775353577008 0
2014 1.372209281004859 0.4758992070073248 0
2015 1.385129923329377 0.4932297567861328 0
2016 1.374539494853928 0.5133486759832703 0
2017 1.381009691011894 0.4568628684402105 0
2018 1.106602385984798 0.2788420524632963 0
2019 0.377840003247518 1.263342484351602 0
2020 1.14445089136971 0.4940665948850979 0
2021 0.2500056299681986 1.237344223122891 0
2022 0.2410569369084125 1.256211729239538 0
2023 0.2528970490202328 1.273392713967973 0
2024 1.374418984898211 0.09537876121523955 0
2025 1.34581963073735 0.5326604608650034 0
2026 1.356990799962869 0.551532480059617 0
2027 1.348366278738978 0.5704339795107362 0
2028 1.354469699150951 0.5139490731179031 0
2029 1.263124006331077 0.5393175565912752 0
2030 0.7916989026916273 1.066761594490217 0
2031 1.400099445154805 0.4195329846948557 0
2032 1.413727081986815 0.4355351855228509 0
2033 0.9256372266311441 1.037849798481535 0
2034 0.982011577021226 1.087890535426872 0
2035 0.9909746712799168 1.068843282384701 0
2036 1.2900482680458 0.4827663368142645 0
2037 1.174257390364322 0.473553061986371 0
2038 1.319203737960792 0.5893168102230328 0
2039 1.331172363686715 0.6065694576410484 0
2040 1.322205027511293 0.6254033072471854 0
2041 1.328025555599539 0.5707229949566199 0
2042 1.236198250393214 0.5958695811826961 0
2043 1.209272123235182 0.6524210644779838 0
2044 1.413081520102708 0.05614729179186766 0
2045 0.893208676272556 1.149762302393072 0
2046 0.5397011850938409 1.303964661692059 0
2047 1.274323907031103 0.6834944193749042 0
2048 1.29475177839628 0.6828446386252258 0
2049 1.304261018629309 0.6630909801999414 0
2050 1.292378806330586 0.645876302357863 0
2051 1.265269432621565 0.7022920689326668 0
2052 1.275865507173319 0.7200628732078492 0
2053 1.301339910203603 0.6270304189912396 0
2054 1.18233799781906 0.7089873651457507 0
2055 0.3332855056685092 1.230640570113418 0
2056 0.3451328741195144 1.247827797899307 0
2057 0.3361324909074869 1.266691644229951 0
2058 0.3541067483258647 1.228962934584235 0
2059 0.2378539818572568 1.347114468223463 0
2060 0.4665437408233732 1.328629705084561 0
2061 0.4293261349985398 1.40344386860017 0
2062 0.3626433238809867 1.337077724760343 0
2063 0.7381827734233597 1.052909204857154 0
2064 1.228802499604631 0.7774250770474682 0
2065 1.246909644214416 0.7758561019372918 0
2066 1.220228377498219 0.7964085185219071 0
2067 0.6333898183458788 1.315264498583532 0
2068 1.316968666286496 0.4262187985203334 0
2069 0.1844024722395125 1.333284244760877 0
2070 1.371177841121631 0.1862572349445265 0
2071 1.38014010738881 0.167425412520389 0
2072 0.5624967777737737 1.08521826939252 0
2073 1.084011397752032 0.7893341527146621 0
2074 1.180986405449986 0.8361894582017813 0
2075 0.9026980832412446 0.7493204283132906 0
2076 1.045625751606637 0.7016436395573769 0
2077 0.6878406906987893 0.9480218292321606 0
2078 1.142116469099308 0.3305193279842788 0
2079 1.385864368898189 0.2394555176461248 0
2080 0.1664896786910881 1.370968233798605 0
2081 0.1456846697245066 1.372625383502813 0
2082 0.4851625538826307 1.036936452325625 0
2083 0.172248448584837 1.442656383169953 0
2084 0.1514833168759496 1.44435618006627 0
2085 0.6163166536185165 0.9719229299514032 0
2086 0.9320916642636348 0.8559313867076792 0
2087 0.6425980607692054 1.296215400792309 0
2088 0.4969183139374588 1.181184271655088 0
2089 0.4255219949612234 1.205081291330271 0
2090 0.8933088903146551 0.8953035967357617 0
2091 1.361822200867023 0.3319943275970134 0
2092 0.2381361609687384 1.220149833112543 0
2093 0.3267371712558931 1.411679304925196 0
2094 0.3203980789481126 1.429460945323547 0
2095 0.8545239552508535 0.934700271124822 0
2096 0.7859415438826645 0.994631829356025 0
2097 0.455418609230967 1.05749532935052 0
2098 0.148590751108944 1.40863295423507 0
2099 1.323887289266797 0.1175385325769364 0
2100 1.258675865655068 0.08647271745113201 0
2101 1.100468745245587 0.3337391155918943 0
2102 0.7471646785740698 1.034034499888019 0
2103 0.5864903839500286 0.9924777607012993 0
2104 0.8987466585651067 1.09437848590034 0
2105 0.5476950380085955 1.031924916535091 0
2106 0.8183914288639597 1.137065604406581 0
2107 1.073499076916449 0.3904054926227 0
2108 1.094328985854184 0.3887356897340484 0
2109 1.180385760850547 0.418584327962004 0
2110 0.2797808381752391 1.216799239578867 0
2111 0.8481633050096693 1.116554962160198 0
2112 1.341788362477719 0.07969600027853668 0
2113 0.7796479118937869 1.176398226455554 0
2114 0.6814119588083276 1.256820931842717 0
2115 1.312065433584371 0.1003601080083208 0
2116 1.420641072467582 0.2901970330981871 0
2117 0.5981964443491263 1.136729722162379 0
2118 1.048016942600511 0.8648661434444397 0
2119 0.9823409518029002 0.9607725318287559 0
2120 0.9235049611677547 0.7476420689500639 0
2121 1.454284457155204 0.1442651701796364 0
2122 1.379747695072521 0.2943846817553663 0
2123 1.006822949519515 0.7410362759747665 0
2124 0.6279828339209212 1.11619188148865 0
2125 0.9170186132504374 0.9297047676227118 0
2126 0.2468094997538665 1.074297282325118 0
2127 1.104400329692153 0.9148017908264183 0
2128 1.10482521761488 0.7876766885813377 0
2129 0.2289028066862986 1.365961550204726 0
2130 0.7588673116007052 1.178078362941012 0
2131 1.368316721163469 0.1502470443938634 0
2132 0.8094411026168304 1.155897504937407 0
2133 1.135462599541005 0.5129423934868533 0
2134 0.8872051067989957 0.9502371295084938 0
2135 0.5923499592139125 1.064639768833931 0
2136 0.8834945955883368 0.6248307095586234 0
2137 0.6577697953966939 1.095656261156218 0
2138 0.9888546802532575 0.7787749083440073 0
2139 1.427770512760107 0.1092805117368491 0
2140 0.175687220560886 1.22518260663034 0
2141 0.3629405409391882 1.083125369093239 0
2142 0.6368761606424027 1.22415886847763 0
2143 0.2774048706070261 1.434924285011595 0
2144 0.210987829589748 1.403604598376465 0
2145 0.01692692203428729 1.28151378916741 0
2146 1.279333031557879 0.01742141622771127 0
2147 1.412759947679697 0.1829608254715139 0
2148 1.335304733490376 0.2615936031554569 0
2149 1.069308818536613 0.7360737532087445 0
2150 0.5364316326039361 0.8860175556070814 0
2151 0.01671107340916973 1.447557265908303 0
2152 0.6132117204887126 1.062949183916786 0
2153 1.110938415794565 0.7327760451327322 0
2154 1.317410012363992 0.2992280408711341 0
2155 0.2439159455091819 1.29224367872947 0
2156 1.433180034428341 0.1813941003351221 0
2157 0.6861518099590912 0.785576514839339 0
2158 1.406618027666177 0.2377848755935907 0
2159 1.053728641096196 0.9369515683959975 0
2160 0.1488432796467678 1.281750835989094 0
2161 0.9557843475594938 0.8903374981860692 0
2162 0.130948156010974 1.319437337525363 0
2163 0.7290966572523286 1.198603986371821 0
2164 0.2202080179415376 1.257875543747314 0
2165 0.6278829979995361 1.243083787742084 0
2166 0.6875659249451265 1.075112375297945 0
2167 1.448593874187032 0.1076512325664613 0
2168 1.470828536527183 0.105287732390398 0
2169 1.165273551589664 0.4924252963254278 0
2170 0.282323294060757 1.379797188232595 0
2171 1.317772330641312 0.1723739212067079 0
2172 0.8334412576165082 1.063334637100487 0
2173 1.155418526083145 0.7655229025638142 0
2174 0.8785860639269287 0.8420141348129854 0
2175 0.05996878779994717 1.21644702666294 0
2176 0.7474970325030753 0.9069135648415894 0
2177 0.8721833427282089 1.023980862807996 0
2178 0.8901096153329613 0.986275391472919 0
2179 0.5441175098991734 1.249982870692688 0
2180 0.9762683711991993 1.015643799790022 0
2181 0.9708893605441444 0.8165088819801801 0
2182 1.246869607534685 0.06939407770773001 0
2183 1.246241185991392 0.03466766892640585 0
2184 0.1996075360367974 1.132524001765588 0
2185 0.6473752544501947 0.8244251879287141 0
2186 0.9080535407978635 0.9485622836748593 0
2187 0.4935270984046241 1.272148071095912 0
2188 1.055868782168188 0.3008029384005393 0
2189 1.035040527673664 0.3025906809983419 0
2190 1.00315576408792 0.9591095838781937 0
2191 0.1159447168872142 1.393108954864063 0
2192 0.4519576013555221 1.27550272747833 0
2193 0.771207126630778 0.941346397939874 0
2194 0.503038570802725 1.126224626059668 0
2195 1.332449424207544 0.225572647784463 0
2196 1.030529130620547 0.7754461305207886 0
2197 1.128503249273733 0.8220572983210432 0
2198 0.4524177514836779 1.148458874936952 0
2199 0.8692595730501504 0.9879607284259186 0
2200 0.4047153130527282 1.206747929442479 0
2201 0.7086889837284789 0.9463476034763358 0
2202 1.026758034246707 0.3574382205066795 0
2203 1.389101766784337 0.1485968845919315 0
2204 0.926357238085658 0.7837467630312972 0
2205 1.23427996892159 0.3053997572654181 0
2206 1.098631260515758 0.8426646178209956 0
2207 0.8397963457247959 0.8814127982160028 0
2208 0.7201431370388534 1.217445691421382 0
2209 1.011127475305868 0.3955777391262073 0
2210 0.999580649753841 0.3782348547009482 0
2211 0.8010125830974207 0.9208154976686221 0
2212 0.7324258871796331 0.980756205930905 0
2213 0.9929508762888135 0.4331654228564206 0
2214 0.2259989864637787 1.075972048555464 0
2215 0.4912167680901207 0.9819413551102329 0
2216 1.167250974590285 0.7827169519577124 0
2217 1.155756383623888 0.01818888360567219 0
2218 0.5419195073232008 0.9597076682012664 0
2219 0.9717066501419543 0.4711814143004934 0
2220 0.4406263925893963 1.00438819658761 0
2221 0.9568372537896781 0.5120035774171932 0
2222 0.9974133522967137 0.8870277601833449 0
2223 1.10766462125877 0.823750163477978 0
2224 0.715355611457882 0.7654223710100969 0
2225 0.3686482984300022 1.028021032139588 0
2226 1.019098306345957 0.6311390531451085 0
2227 0.1759111256006068 1.098094765419405 0
2228 0.91352831348678 0.6048762877529242 0
2229 0.8392089585215955 1.135399673580156 0
2230 0.1521107060850503 1.063671254945211 0
2231 1.119930888526747 0.7139314607777973 0
2232 0.8766074871244246 0.6789730054065628 0
2233 0.2233568827220405 1.166952567969878 0
2234 0.6430229586402567 1.042405571223389 0
2235 0.2317474656357741 1.401865445781244 0
2236 0.8502961958174047 0.7336316981033177 0
2237 0.9346177214106268 1.018987251901289 0
2238 1.27334285515837 0.1396576614046741 0
2239 0.3420970681471442 1.084775631638454 0
2240 0.5509352716521976 0.9408287670305807 0
2241 0.619014409453216 1.13505873199905 0
2242 0.8067946950600129 0.9929533198554039 0
2243 0.6314019832923158 0.898038324018273 0
2244 0.9852247851164031 0.996801227777609 0
2245 0.6073361030926908 0.9908097543716263 0
2246 1.130582807786962 0.1866220738814505 0
2247 1.219942968427518 0.1257688545045416 0
2248 0.5807346514176593 0.9202296325946813 0
2249 0.9285808424654218 1.073821545148959 0
2250 1.323480188253094 0.2444086072348983 0
2251 0.9375350484534812 1.05498573812073 0
2252 1.121971976338888 0.07846496332608006 0
2253 0.1340840504615488 1.228558352038363 0
2254 0.6728214648259447 1.021861365536601 0
2255 1.175078841498675 0.2193759541190922 0
2256 0.8096974177105448 1.028990697255776 0
2257 1.009694975006837 0.7771060600210262 0
2258 0.9145045401641501 0.7665296016734908 0
2259 0.8875656859815872 0.8231434484021311 0
2260 1.296990616393507 0.174014310930109 0
2261 1.099125676579561 0.7155787068979791 0
2262 1.038299167175823 0.2114716930624942 0
2263 1.045148303974248 0.2842184648187074 0
2264 1.185191281142598 0.7450350828653995 0
2265 0.4291992321415193 0.987500195075895 0
2266 0.1074611391258991 1.158190409594629 0
2267 0.4816917118729905 1.254971332748938 0
2268 1.400927057590989 0.1657771420589153 0
2269 0.6246714501630508 1.207217633189003 0
2270 0.7026229688825565 1.001305461530066 0
2271 0.7115881874737278 0.9824303003946602 0
2272 0.3122866931533238 1.105333537475057 0
2273 0.4315871188244225 1.150177572762528 0
2274 0.5717489097326389 0.9391410356848757 0
2275 0.491172112049729 1.109047233336052 0
2276 0.8279490717010172 0.864203079635419 0
2277 0.7441049218691893 1.124900697335884 0
2278 0.7801830073702388 0.9224752459795149 0
2279 0.2407345922266716 1.383114974225238 0
2280 0.843001240951208 0.7903755560982466 0
2281 0.4793301196478379 0.9649982941112191 0
2282 1.264417061293498 0.158430037370729 0
2283 1.314512986726873 0.2632442878592254 0
2284 0.81261829395441 1.065010692038368 0
2285 1.186918242682642 0.2365717568248492 0
2286 0.7232154212858557 1.126650562119142 0
2287 1.095062332445149 0.1350096116334107 0
2288 1.118795997045537 0.1693817243278001 0
2289 0.2496921732086707 1.364286840006283 0
2290 1.173362616036507 0.7278324209728491 0
2291 0.4609129958535436 1.256656689623753 0
2292 0.9855696719643878 0.8698296499944482 0
2293 0.6933735354871431 1.147223715033891 0
2294 0.8036643984346921 1.083855549798118 0
2295 1.053323362544313 0.01662834189856242 0
2296 0.01731690324852602 1.051471947698128 0
2297 0.6636304553547842 1.167746117492453 0
2298 1.276264061062135 0.175612566821237 0
2299 0.08947868417717172 1.448851682488197 0
2300 0.1013082768283275 1.463895928081271 0
2301 0.6488000509967051 1.114522740015585 0
2302 1.305570434669536 0.2820618284859655 0
2303 0.6337477663328579 1.188300066338656 0
2304 0.8004440853051382 1.174698504028193 0
2305 1.068835309290751 0.8632278122964749 0
2306 0.782747407262852 1.085601145714301 0
2307 0.133845405155618 1.355449416933628 0
2308 0.6371607107105657 0.9702553168415379 0
2309 1.198758363569878 0.2537714780021632 0
2310 0.1430266610537728 1.209691906110555 0
2311 0.8757109745859643 0.8059286610160618 0
2312 1.07141293510442 0.1005771993091438 0
2313 0.2704810578421796 1.362618850288989 0
2314 0.9443301737536662 0.7460072221953864 0
2315 1.203137703398548 0.7073538710033956 0
2316 0.7173580309231626 1.054578595195898 0
2317 1.078304334187584 0.7172188816426179 0
2318 0.6015815218725582 0.9185732372314126 0
2319 0.1519652294505848 1.190818224111484 0
2320 0.2794406290535836 1.343761683346507 0
2321 0.8638536178276448 0.7887124797466425 0
2322 0.7886228813976009 1.157559228272137 0
2323 0.9921430322753843 0.687749875119574 0
2324 0.7683274711931578 0.9052666799740106 0
2325 0.6785866422220296 1.093987029400861 0
2326 1.212108974765712 0.6885155975903585 0
2327 0.7208610981478285 0.8364038637030481 0
2328 0.6998704772222486 0.8381486482739652 0
2329 0.70837987393977 1.073454254933558 0
2330 0.7507047899936563 0.8158621335772782 0
2331 0.3002357768343272 1.342093290412933 0
2332 1.200274893389363 0.6712873451831906 0
2333 0.8340486951720069 0.8092462835201497 0
2334 0.7029235879274262 0.87415452488498 0
2335 0.7773033414662147 0.8863852012646879 0
2336 0.6939481612461739 0.8930468432602268 0
2337 0.9325025349848276 0.728780173825297 0
2338 0.3328668394918198 1.357593394356001 0
2339 0.7654476422641464 0.869157242783352 0
2340 0.9647637763685617 0.871500023496157 0
2341 0.3418397122690748 1.338748251424394 0
2342 0.6105667088458608 0.8997094723510759 0
2343 1.230057585952425 0.6508357552245226 0
2344 0.7499105886619227 1.196918818624195 0
2345 0.1285935264559847 1.028490909269644 0
2346 0.3744640500457627 1.354255613827767 0
2347 0.1193056412619386 1.175357059669879 0
2348 0.1396274612441661 1.42742055187776 0
2349 1.189791195383346 0.2726281083382163 0
2350 1.239026410200459 0.6319928725228077 0
2351 0.2647288498517527 1.290568689120738 0
2352 0.395241695141467 1.352595408089421 0
2353 0.4042405951051525 1.333724910478965 0
2354 0.2737050822573895 1.271715655019503 0
2355 1.227191556085123 0.6147431978204705 0
2356 0.9554498882013001 1.017310931806279 0
2357 0.4368638603744908 1.349220098872236 0
2358 0.4458413948284071 1.330370153407687 0
2359 1.169015969363274 0.2742572328481709 0
2360 0.3063416535621939 1.287220278132927 0
2361 1.256976133049696 0.594312802037108 0
2362 0.1371877752038522 1.137581650066166 0
2363 0.3153254529273822 1.268364988422043 0
2364 1.265943797658633 0.575469093544199 0
2365 0.8603377945312709 1.006805153573409 0
2366 0.941059973716031 0.8370716200870867 0
2367 0.8161007371773563 0.846974071678855 0
2368 1.254108745957143 0.5581973841086265 0
2369 0.3479560183828141 1.283873323594339 0
2370 0.8042598440773634 0.8297535550767622 0
2371 0.9623247755627413 0.7082589675153975 0
2372 0.1253367070720481 1.120395381479964 0
2373 0.1367425861802345 1.391458578092997 0
2374 1.283894706059583 0.537789176960577 0
2375 0.8484701244551253 0.9896087741745111 0
2376 0.3569440888196387 1.265006311896751 0
2377 1.292861075726114 0.5189450135999238 0
2378 1.281025809062519 0.5016513052682962 0
2379 0.9529099556707044 0.854284820454677 0
2380 0.8276416566294644 0.9912750620504096 0
2381 0.09269032642478184 1.104930495680318 0
2382 0.681768454277432 1.002993305359706 0
2383 1.310812216907474 0.4812667638171405 0
2384 0.3895551880761364 1.280557605788952 0
2385 0.1015783349974259 1.085982328547921 0
2386 1.319777073501066 0.4624226465448308 0
2387 1.307941923985054 0.445106488961147 0
2388 0.4103575040328827 1.278882691532734 0
2389 0.9713251192770743 0.6893828694477993 0
2390 0.9917231942323388 0.8148203063965901 0
2391 1.337726465412544 0.4247131128822546 0
2392 0.6519639861998661 1.023540913069069 0
2393 1.34668381635385 0.4058491334089802 0
2394 0.4193807758979076 1.260004081142533 0
2395 1.334879981437053 0.3885899510596432 0
2396 1.364605097183734 0.3681988148231149 0
2397 0.8132253516842978 0.8108875665769804 0
2398 1.352795855799407 0.3508366993415001 0
2399 1.382497353531834 0.3305389797681143 0
2400 1.391541610821852 0.3116538088819615 0
2401 1.17379655547142 0.6007748804561905 0
2402 1.144036512269444 0.6212499969151565 0
2403 1.161981425521699 0.5835161539346646 0
2404 1.109884792263752 0.1881274575564436 0
2405 1.191748703064022 0.5630640690805395 0
2406 1.001128131658456 0.668880045848873 0
2407 0.6221560027485692 1.044087034757249 0
2408 1.155852293767307 0.6384935551909665 0
2409 0.8958955893735581 0.5545693270219828 0
2410 1.12607973961012 0.6589533895207864 0
2411 0.06892775565091508 1.070685773829342 0
2412 1.179916792734639 0.5457611096428343 0
2413 1.279116762490685 0.2116099144098814 0
2414 0.4878492400706296 1.200088470514611 0
2415 1.108131377660553 0.6966998360309566 0
2416 1.137912408529109 0.6762172496794315 0
2417 0.440155539414624 1.258336342031157 0
2418 1.270157295325133 0.2303638619716785 0
2419 1.209725811641542 0.5254039887072096 0
2420 1.112747323446666 0.2241973101823937 0
2421 0.128249653041259 1.156471683182228 0
2422 1.218697974812723 0.506551077197988 0
2423 0.5323166924809273 1.232801916161193 0
2424 0.5621236446421077 1.212282160848847 0
2425 0.5833871384244308 1.083510252008586 0
2426 1.206877518079228 0.4892026339372892 0
2427 1.028085425285359 0.6122389396676555 0
2428 0.5919108759977152 1.191742027446196 0
2429 0.9982951997385122 0.6327752482173725 0
2430 1.05506953146497 0.5556844552492903 0
2431 1.046082096132819 0.5745216926967701 0
2432 0.5536377531308567 1.104067326073449 0
2433 1.043207445388384 0.5382748457415589 0
2434 0.541714667927733 1.086862683486065 0
2435 1.073011146450422 0.5178314002617528 0
2436 0.05649855455170739 1.053529151943209 0
2437 0.8013729265373547 0.7936597738077539 0
2438 1.061196403404972 0.5005332567234598 0
2439 0.7738927429044656 1.104434967786117 0
2440 0.7805537096866109 0.7953433158946646 0
2441 0.7530168436873926 1.106102349782597 0
2442 1.236638459595972 0.4687567849049806 0
2443 1.016258567224061 0.5949654824361893 0
2444 1.090985198391824 0.4800796930152841 0
2445 1.224840815454114 0.4514552386415336 0
2446 0.9893131527749416 0.6516471192063717 0
2447 0.7596574483844686 0.7970705366054484 0
2448 1.079178710671473 0.4627680244104604 0
2449 1.254593158938736 0.4310287917810663 0
2450 1.242798381197323 0.4137156218636022 0
2451 0.5209273405216894 1.088552168227457 0
2452 0.7298527973240259 0.8175642948987768 0
2453 1.290533285749388 0.3556947781685421 0
2454 1.287728105704234 0.3195166546789406 0
2455 1.2607758716697 0.3760109224017721 0
2456 1.272557544411339 0.3933483986567451 0
2457 0.500105453310401 1.090214083384553 0
2458 1.299506128834724 0.3368997631620587 0
2459 1.108984257709672 0.442325480083779 0
2460 1.171898519520015 0.3103545483236969 0
2461 1.106173272862898 0.4060758807294222 0
2462 1.117979513381229 0.423503084511318 0
2463 1.162902754109622 0.3291290869531908 0
2464 1.13595147944722 0.3856685232576548 0
2465 1.144915569221784 0.3667471818196351 0
2466 1.133120723317908 0.3494032306086391 0
2467 0.4762496503780039 1.055803566437224 0
2468 1.077833520373344 0.8443364020371924 0
2469 0.0199910065841195 1.384368060471081 0
2470 0.4465113081805522 1.0763841559529 0
2471 0.4491287633607227 1.239512750846754 0
2472 0.4580864740584943 1.220643242752386 0
2473 0.4881673211074619 1.073013701518664 0
2474 0.6730977031339704 0.8948027995132493 0
2475 0.661156685380794 0.877553924868799 0
2476 0.6403217497698606 0.8792311335258951 0
2477 0.7142727489237675 1.145485514246801 0
2478 0.6195059371174894 0.8808780594008709 0
2479 0.4670752931007999 1.201773390522713 0
2480 0.6845251542324039 1.166036036039017 0
2481 0.4196235193877796 1.133021720367083 0
2482 0.6547049644990932 1.186546678739109 0
2483 0.389890636969393 1.153571355524155 0
2484 0.3690303580159421 1.155223762370752 0
2485 0.3570382802008054 1.138066307343242 0
2486 0.3968718445075184 0.9765122944327629 0
2487 0.3273854540043819 1.158600357319794 0
2488 0.306494850895884 1.160233651281208 0
2489 0.6075814737386647 0.8636373313977712 0
2490 1.439108472010308 0.2532430673022265 0
2491 0.2944851535362464 1.143091379144758 0
2492 0.5413506687620063 1.213948204822199 0
2493 0.5711458508682075 1.193427502965065 0
2494 0.2649205069301734 1.163662499349809 0
2495 0.2321738112041624 1.148141839120323 0
2496 0.01935058204638008 1.093261403566797 0
2497 1.408596464444198 0.400351357582834 0
2498 1.296675552344202 0.3007678996270137 0
2499 0.7250254105665972 1.28731924163678 0
2500 1.008640958791897 0.1388045967940964 0
2501 1.160102187739233 0.2930018068192838 0
2502 1.284892345962769 0.283566913052327 0
2503 0.0521302692901698 1.482698608318729 0
2504 1.477114781199653 0.0522733866437068 0
2505 1.474144606983019 0.1542482676450298 0
2506 0.1542742617311401 1.474682077703736 0
2507 1.46599761318328 0.1971029266593307 0
2508 0.1952305169345853 1.469756094123331 0
2509 0.2359351163996809 1.463294048208246 0
2510 1.456968727339343 0.2781299065980194 0
2511 0.33575594772769 1.444241513032819 0
2512 0.8260720059587091 1.231360889380522 0
2513 1.186030838414287 0.8921100738987278 0
2514 1.230965377159497 0.8256022593503699 0
2515 1.443676441557968 0.3372573371221108 0
2516 0.8435760987546389 1.219746639785902 0
2517 1.062944685924491 1.032503257458819 0
2518 0.2765207696573201 1.456170015712193 0
2519 1.273044441876439 0.2663677440679229 0
2520 0.6069629080849824 1.244864532710202 0
2521 1.148268525710787 0.2757680260462493 0
2522 0.2529091208557567 1.146471036624117 0
2523 1.261232957343762 0.2491146752704456 0
2524 1.136476458544495 0.2585998254910563 0
2525 1.267389488302012 0.1943241268726359 0
2526 0.4979470771958292 1.343338063069019 0
2527 1.100881255390014 0.2068627307779243 0
2528 1.255421893924791 0.1771082464482442 0
2529 1.234612636258739 0.1786119125991908 0
2530 1.115617522333652 0.2601627002238021 0
2531 1.211157662781567 0.1443961920291754 0
2532 1.2228293631563 0.1614852787483549 0
2533 0.2202537304010168 1.130938543095632 0
2534 1.103755298461352 0.2429178681332773 0
2535 1.199298765450309 0.1272168497240213 0
2536 0.6386994611693005 0.7917624180807531 0
2537 1.187436164190293 0.1100469812447012 0
2538 1.145578953776996 0.1130148337988813 0
2539 0.2083452188318483 1.113787397282834 0
2540 1.166514725902439 0.111527526368322 0
2541 0.1964809073872407 1.096564998661237 0
2542 1.098123075987092 0.1708694090766822 0
2543 0.184598273370462 1.079310052448863 0
2544 1.312919051932155 0.6445019563324413 0
2545 1.086189351849388 0.1536034144220815 0
2546 0.1727055378453971 1.062066792775916 0
2547 1.074312967932797 0.1363428372817058 0
2548 0.161005790448673 1.044157711272349 0
2549 1.062705407459179 0.119237112111955 0
2550 1.342462275338151 0.6280789040098329 0
2551 1.050463648810951 0.1019888811198511 0
2552 1.117971317402831 0.9728248012951486 0
2553 0.0484438699364533 1.199497256446084 0
2554 1.324538132820903 0.6656350767921039 0
2555 1.422140312405485 0.03783068876381112 0
2556 0.6256847433932644 0.8259195284756082 0
2557 1.286085936053861 0.7381060943343394 0
2558 1.009546154635156 0.2356420102396502 0
2559 0.03508054833819313 1.435809564468943 0
2560 1.351213085993897 0.6086834633070772 0
2561 1.403719977357739 0.4565504738324875 0
2562 1.016295789992224 0.03264315689022501 0
2563 1.035174940851883 0.0452054489602304 0
2564 0.03179016688539317 1.020055736875244 0
2565 1.183075921505056 0.03794986263168489 0
2566 1.077385693861423 1.018810964465887 0
2567 1.315210165123396 0.683210722038719 0
2568 0.01698131754450886 1.156488904088424 0
2569 0.8526904961125898 1.187573358097853 0
2570 0.8741752596407563 0.5547686920805949 0
2571 1.105026077730086 0.9888659277315122 0
2572 0.03779578542709699 1.307683662878623 0
2573 0.9616106990294262 0.4502748827870298 0
2574 1.33954340129842 0.5886195460688377 0
2575 0.7979549862241254 0.662445822736508 0
2576 1.197064039734191 0.01773123677361731 0
2577 0.1493218306450541 1.026191252120136 0
2578 0.2987784808033772 1.432306684732626 0
2579 1.037801821836316 0.3375018263539043 0
2580 0.7408618745838816 0.7262306771079992 0
2581 1.344059924188312 0.01837269044322086 0
2582 1.28544933602682 0.7018224281307202 0
2583 1.032522248198465 1.064627777449452 0
2584 0.2726080683690363 1.0183994780689 0
2585 0.7935999020578026 1.228923732488775 0
2586 0.4957942645644169 1.397464554892639 0
2587 0.3552885819099361 1.011878699990883 0
2588 0.05443518578444535 1.145374121931206 0
2589 0.9045825696401495 0.573219113960666 0
2590 0.01736314032917091 1.344926158770922 0
2591 1.219642441916125 0.8408767536554241 0
2592 0.9893131135079454 0.3970257827969584 0
2593 1.449513952128808 0.01776802033007127 0
2594 0.03774395479570017 1.181761645221092 0
2595 1.368352439775867 0.5713693321148425 0
2596 0.03158459080218656 1.480204066795482 0
2597 1.482185906229253 0.03122133649207128 0
2598 1.157737629083515 0.926976979069019 0
2599 1.452942018261928 0.1799793268102039 0
2600 1.032465289857631 0.1046210503545476 0
2601 1.461492982081091 0.1226248938300403 0
2602 1.024252620008187 0.1574595547000736 0
2603 1.295862970315647 0.7198325539326947 0
2604 0.4092506006943269 1.405581494004242 0
2605 1.226110144917219 0.0351290811966315 0
2606 0.8957105185444899 0.6417511991966933 0
2607 1.428637551564861 0.3960955111064546 0
2608 0.5965385964876015 0.8472501929694947 0
2609 0.04659578077354164 1.164160762567056 0
2610 0.8919085402964075 1.186576307219944 0
2611 0.03474266826193946 1.273630423616995 0
2612 0.5675744072482495 0.8676430156961772 0
2613 0.0358097402487094 1.057548960492942 0
2614 0.6953568327774605 0.7671774422311406 0
2615 1.408461493660257 0.01809611307386547 0
2616 1.37634437965217 0.5506533912096908 0
2617 1.266292918171121 0.7391442864689108 0
2618 1.009061169086134 0.3510382956249934 0
2619 1.447805292953347 0.3182916035988572 0
2620 0.940627726665038 0.3838308080175668 0
2621 0.7747027130327678 1.266567518881896 0
2622 0.4002679182917394 1.42543757562535 0
2623 1.016844090943303 0.2786524379036391 0
2624 0.5718400184652036 1.318820553636277 0
2625 1.481064461661131 0.09056625185822653 0
2626 1.462314273520484 0.03456546346335403 0
2627 0.3164095746127458 1.449042666522128 0
2628 0.8572516329935981 0.6789251680529099 0
2629 1.085551220705399 0.02889105038648044 0
2630 0.6121679161307688 1.352333723759723 0
2631 0.1126543734293565 1.479160904654211 0
2632 0.01568165870369093 1.406328568943138 0
2633 0.9301490350902271 0.5677809190956022 0
2634 1.237796393734711 0.01739941876033003 0
2635 0.8626281256125804 0.5712376607880887 0
2636 1.434876496180847 0.3763730466745808 0
2637 0.818776591083291 0.7215067900769467 0
2638 0.5349007431856216 1.364315866736235 0
2639 1.024105842715704 0.2480541705494704 0
2640 1.365509203995418 0.5323535758346176 0
2641 0.4105571974001962 0.9895141763156485 0
2642 1.256949574069221 0.7572584184195761 0
2643 0.9921542669817326 1.103675632853242 0
2644 1.188802636892849 0.8519598662394616 0
2645 1.255151925174042 0.7918662149622954 0
2646 1.467075633662323 0.2370957979129806 0
2647 0.1217869274787593 1.46230148399337 0
2648 0.5154246237822684 1.391739926296373 0
2649 0.1424059893735988 1.460389283161618 0
2650 0.09181134195681212 1.480689137281994 0
2651 0.6641863292184825 1.328197156313816 0
2652 0.4671271521086219 0.9500255301578041 0
2653 0.4532157682151556 0.9322854919460319 0
2654 0.9399262262924352 1.12523034623621 0
2655 1.266509415399985 0.03434018247970765 0
2656 0.7052846776557565 1.288091809769673 0
2657 0.1629655370676303 1.458441042462084 0
2658 1.085594705030566 0.9878226580322578 0
2659 1.393238917320026 0.5127434775151164 0
2660 0.9255524670669208 1.161037922153554 0
2661 1.030076539184941 0.06467915024678972 0
2662 0.3402148331149818 1.426013631005534 0
2663 0.9395303839320863 0.5490932311678883 0
2664 1.462986623538509 0.0683258974943375 0
2665 0.08103334072984245 1.465307715069124 0
2666 0.2519537263396982 1.021410765425472 0
2667 1.02504050616661 0.3171734312680973 0
2668 0.1835557649324054 1.456305726728721 0
2669 0.4393733230614479 1.419033136034626 0
2670 1.265674083013508 0.7744898060864744 0
2671 1.046757282282369 1.026065753648384 0
2672 1.146553347050234 0.943695602551154 0
2673 0.5013355559710173 0.9285077128018033 0
2674 0.5048777144472486 1.324462577143917 0
2675 0.9607796944175717 0.3789645122028589 0
2676 0.06106892739375384 1.466803915822853 0
2677 0.01369870322461114 1.114583333333333 0
2678 0.574620055276705 1.370093968192138 0
2679 1.288463867508227 0.0335025243871182 0
2680 0.5521570572316088 1.318819970561099 0
2681 0.9819840067991299 0.3751781093958685 0
2682 0.5172956872047038 0.8928452701514898 0
2683 0.03146662848196077 1.458333333333334 0
2684 1.459204981186021 0.1630606239130229 0
2685 0.2384426366358425 1.005165173253339 0
2686 0.01347093187686776 1.239067243441214 0
2687 1.017319055340949 0.1767163508699159 0
2688 1.065562999404231 0.03105645437398843 0
2689 1.439148051591782 0.2857924053713787 0
2690 0.9853664953796109 0.4175540330697964 0
2691 0.8510108425218066 0.5868309666439868 0
2692 0.7420485281863869 1.286227124820547 0
2693 1.423268042813703 0.3616765580844773 0
2694 0.2040836509695252 1.4539242736541 0
2695 1.401849229777308 0.4973505204246859 0
2696 0.9357607330998405 0.5168213453439399 0
2697 0.9522074918962891 0.4348123623391356 0
2698 0.03358721954971686 1.365448742988567 0
2699 1.021874399303567 1.080334457370739 0
2700 0.9710882741307515 1.122949198181175 0
2701 0.8952522322669114 0.6065071152247145 0
2702 1.236792879776925 0.7932615993513953 0
2703 0.3392837481142911 1.015844657654316 0
2704 1.199559077515679 0.8791970521651328 0
2705 0.51991626712033 1.375349700377495 0
2706 0.8100322940838119 1.225762929501044 0
2707 0.8433013781746969 1.202769132946676 0
2708 0.4380306736077964 0.934824787395669 0
2709 1.306736821857706 0.03471304804216064 0
2710 0.8688928254769146 0.6639097123437909 0
2711 0.6691695552147757 0.7888042086236444 0
2712 0.8368980864465454 0.7232577400275797 0
2713 1.015130862130022 0.01532045389240218 0
2714 0.01532045390698323 1.015130862104767 0
2715 0.399610546336272 1.011377472862865 0
2716 1.09162642851358 0.01333995200216419 0
2717 0.6394906132539296 0.8094579369715835 0
2718 0.2244644531739646 1.451377131166259 0
2719 0.0152139554019026 1.484684677073526 0
2720 1.484684677096759 0.01521395541531358 0
2721 1.480125322517029 0.1181017072206579 0
2722 0.5506228285223025 0.8712930338937908 0
2723 0.3602307620592625 1.423957390961591 0
2724 1.005561571963191 0.1163474431219347 0
2725 0.7054410880857549 0.7520449038098636 0
2726 0.01218847830674417 1.197916666666665 0
2727 1.119348973146812 0.01411147539033215 0
2728 0.0293330049503871 1.417186812430765 0
2729 0.6060157979944167 0.8330328488814682 0
2730 0.8400056107836664 0.6010800961040232 0
2731 0.01248784610858839 1.323931947962823 0
2732 1.048639824658279 0.03210313849689365 0
2733 0.9462524594843086 0.4979813896216397 0
2734 1.388242305156733 0.4719818181319468 0
2735 1.322916666666666 0.01166695785124008 0
2736 0.03318929495919205 1.076778225202826 0
2737 0.03080302771678933 1.166022861158407 0
2738 0.9055430940823848 0.5899916438871565 0
2739 0.02950818146740759 1.041084343022852 0
2740 0.6311349069667591 1.348033307274274 0
2741 0.04518715362723923 1.468062048158064 0
2742 0.03067256888182451 1.29161730483226 0
2743 1.010996291671478 0.1927692675195939 0
2744 1.226857932252966 0.810734062566017 0
2745 0.4580397168868914 1.416397712304912 0
2746 0.69033453147948 1.315179129518308 0
2747 0.2440167758772306 1.450209199432317 0
2748 0.5143891262634608 1.341940343534241 0
2749 1.4510582340413 0.2127439377832738 0
2750 1.127430493741692 0.9422315776276475 0
2751 1.075412693633298 1.003702295004931 0
2752 0.7657293371116868 0.747630088862833 0
2753 0.8802469550008672 1.20099155442761 0
2754 1.430123436776695 0.344234777169757 0
2755 0.5330975980828175 1.319019276966703 0
2756 0.7170493815978715 1.301072285683694 0
2757 1.170194316271581 0.8875337057604967 0
2758 1.444565986673523 0.2677051823271451 0
2759 1.029345018289468 0.2872532648856344 0
2760 0.8644398992119361 0.7195730938389462 0
2761 0.9546613687087704 0.4809394212659888 0
2762 1.124934519735951 0.02847876904102512 0
2763 1.009013661099866 0.3659863010933031 0
2764 0.3717793316539955 1.438463254941115 0
2765 0.9204779627053612 0.4213794201997091 0
$EndNodes
$Elements
5528
1 1 2 3 1 1 5
2 1 2 3 1 5 6
3 1 2 3 1 6 7
4 1 2 3 1 7 8
5 1 2 3 1 8 9
6 1 2 3 1 9 10
7 1 2 3 1 10 11
8 1 2 3 1 11 12
9 1 2 3 1 12 13
10 1 2 3 1 13 14
11 1 2 3 1 14 15
12 1 2 3 1 15 16
13 1 2 3 1 16 17
14 1 2 3 1 17 18
15 1 2 3 1 18 19
16 1 2 3 1 19 20
17 1 2 3 1 20 21
18 1 2 3 1 21 22
19 1 2 3 1 22 23
20 1 2 3 1 23 24
21 1 2 3 1 24 25
22 1 2 3 1 25 26
23 1 2 3 1 26 27
24 1 2 3 1 27 2
25 1 2 2 2 2 28
26 1 2 2 2 28 29
27 1 2 2 2 29 30
28 1 2 2 2 30 31
29 1 2 2 2 31 32
30 1 2 2 2 32 33
31 1 2 2 2 33 34
32 1 2 2 2 34 35
33 1 2 2 2 35 36
34 1 2 2 2 36 37
35 1 2 2 2 37 38
36 1 2 2 2 38 39
37 1 2 2 2 39 40
38 1 2 2 2 40 41
39 1 2 2 2 41 42
40 1 2 2 2 42 43
41 1 2 2 2 43 44
42 1 2 2 2 44 45
43 1 2 2 2 45 46
44 1 2 2 2 46 47
45 1 2 2 2 47 48
46 1 2 2 2 48 49
47 1 2 2 2 49 50
48 1 2 2 2 50 51
49 1 2 2 2 51 52
50 1 2 2 2 52 53
51 1 2 2 2 53 54
52 1 2 2 2 54 55
53 1 2 2 2 55 56
54 1 2 2 2 56 57
55 1 2 2 2 57 58
56 1 2 2 2 58 59
57 1 2 2 2 59 60
58 1 2 2 2 60 61
59 1 2 2 2 61 62
60 1 2 2 2 62 63
61 1 2 2 2 63 64
62 1 2 2 2 64 65
63 1 2 2 2 65 66
64 1 2 2 2 66 67
65 1 2 2 2 67 68
66 1 2 2 2 68 69
67 1 2 2 2 69 70
68 1 2 2 2 70 71
69 1 2 2 2 71 72
70 1 2 2 2 72 73
71 1 2 2 2 73 74
72 1 2 2 2 74 75
73 1 2 2 2 75 76
74 1 2 2 2 76 77
75 1 2 2 2 77 78
76 1 2 2 2 78 79
77 1 2 2 2 79 80
78 1 2 2 2 80 81
79 1 2 2 2 81 82
80 1 2 2 2 82 83
81 1 2 2 2 83 84
82 1 2 2 2 84 85
83 1 2 2 2 85 86
84 1 2 2 2 86 87
85 1 2 2 2 87 88
86 1 2 2 2 88 89
87 1 2 2 2 89 90
88 1 2 2 2 90 91
89 1 2 2 2 91 92
90 1 2 2 2 92 93
91 1 2 2 2 93 94
92 1 2 2 2 94 95
93 1 2 2 2 95 96
94 1 2 2 2 96 97
95 1 2 2 2 97 98
96 1 2 2 2 98 99
97 1 2 2 2 99 100
98 1 2 2 2 100 101
99 1 2 2 2 101 102
100 1 2 2 2 102 103
101 1 2 2 2 103 104
102 1 2 2 2 104 105
103 1 2 2 2 105 106
104 1 2 2 2 106 107
105 1 2 2 2 107 108
106 1 2 2 2 108 109
107 1 2 2 2 109 110
108 1 2 2 2 110 111
109 1 2 2 2 111 112
110 1 2 2 2 112 113
111 1 2 2 2 113 114
112 1 2 2 2 114 115
113 1 2 2 2 115 116
114 1 2 2 2 116 117
115 1 2 2 2 117 118
116 1 2 2 2 118 119
117 1 2 2 2 119 120
118 1 2 2 2 120 121
119 1 2 2 2 121 122
120 1 2 2 2 122 123
121 1 2 2 2 123 124
122 1 2 2 2 124 125
123 1 2 2 2 125 126
124 1 2 2 2 126 127
125 1 2 2 2 127 128
126 1 2 2 2 128 129
127 1 2 2 2 129 130
128 1 2 2 2 130 131
129 1 2 2 2 131 132
130 1 2 2 2 132 133
131 1 2 2 2 133 134
132 1 2 2 2 134 135
133 1 2 2 2 135 136
134 1 2 2 2 136 137
135 1 2 2 2 137 138
136 1 2 2 2 138 139
137 1 2 2 2 139 3
138 1 2 4 3 3 140
139 1 2 4 3 140 141
140 1 2 4 3 141 142
141 1 2 4 3 142 143
142 1 2 4 3 143 144
143 1 2 4 3 144 145
144 1 2 4 3 145 146
145 1 2 4 3 146 147
146 1 2 4 3 147 148
147 1 2 4 3 148 149
148 1 2 4 3 149 150
149 1 2 4 3 150 151
150 1 2 4 3 151 152
151 1 2 4 3 152 153
152 1 2 4 3 153 154
153 1 2 4 3 154 155
154 1 2 4 3 155 156
155 1 2 4 3 156 157
156 1 2 4 3 157 158
157 1 2 4 3 158 159
158 1 2 4 3 159 160
159 1 2 4 3 160 161
160 1 2 4 3 161 162
161 1 2 4 3 162 4
162 1 2 2 4 4 163
163 1 2 2 4 163 164
164 1 2 2 4 164 165
165 1 2 2 4 165 166
166 1 2 2 4 166 167
167 1 2 2 4 167 168
168 1 2 2 4 168 169
169 1 2 2 4 169 170
170 1 2 2 4 170 171
171 1 2 2 4 171 172
172 1 2 2 4 172 173
173 1 2 2 4 173 174
174 1 2 2 4 174 175
175 1 2 2 4 175 176
176 1 2 2 4 176 177
177 1 2 2 4 177 178
178 1 2 2 4 178 179
179 1 2 2 4 179 180
180 1 2 2 4 180 181
181 1 2 2 4 181 182
182 1 2 2 4 182 183
183 1 2 2 4 183 184
184 1 2 2 4 184 185
185 1 2 2 4 185 186
186 1 2 2 4 186 187
187 1 2 2 4 187 188
188 1 2 2 4 188 189
189 1 2 2 4 189 190
190 1 2 2 4 190 191
191 1 2 2 4 191 192
192 1 2 2 4 192 193
193 1 2 2 4 193 194
194 1 2 2 4 194 195
195 1 2 2 4 195 196
196 1 2 2 4 196 197
197 1 2 2 4 197 198
198 1 2 2 4 198 199
199 1 2 2 4 199 200
200 1 2 2 4 200 201
201 1 2 2 4 201 202
202 1 2 2 4 202 203
203 1 2 2 4 203 204
204 1 2 2 4 204 205
205 1 2 2 4 205 206
206 1 2 2 4 206 207
207 1 2 2 4 207 208
208 1 2 2 4 208 209
209 1 2 2 4 209 210
210 1 2 2 4 210 211
211 1 2 2 4 211 212
212 1 2 2 4 212 213
213 1 2 2 4 213 214
214 1 2 2 4 214 215
215 1 2 2 4 215 216
216 1 2 2 4 216 217
217 1 2 2 4 217 218
218 1 2 2 4 218 219
219 1 2 2 4 219 220
220 1 2 2 4 220 221
221 1 2 2 4 221 222
222 1 2 2 4 222 223
223 1 2 2 4 223 224
224 1 2 2 4 224 225
225 1 2 2 4 225 226
226 1 2 2 4 226 227
227 1 2 2 4 227 228
228 1 2 2 4 228 229
229 1 2 2 4 229 230
230 1 2 2 4 230 231
231 1 2 2 4 231 232
232 1 2 2 4 232 233
233 1 2 2 4 233 234
234 1 2 2 4 234 235
235 1 2 2 4 235 236
236 1 2 2 4 236 1
237 2 2 1 1 1690 1150 2623
238 2 2 1 1 49 50 2561
239 2 2 1 1 99 100 1583
240 2 2 1 1 1677 1093 1706
241 2 2 1 1 1536 301 2580
242 2 2 1 1 275 1527 1777
243 2 2 1 1 238 90 1596
244 2 2 1 1 313 1521 1601
245 2 2 1 1 1093 1677 1707
246 2 2 1 1 324 1552 2518
247 2 2 1 1 184 185 1664
248 2 2 1 1 1494 2514 2591
249 2 2 1 1 1545 1494 2591
250 2 2 1 1 1552 2143 2518
251 2 2 1 1 1523 279 1595
252 2 2 1 1 1697 1496 2581
253 2 2 1 1 237 1529 1949
254 2 2 1 1 1611 985 1632
255 2 2 1 1 985 1611 1613
256 2 2 1 1 1150 1690 2639
257 2 2 1 1 1535 294 1600
258 2 2 1 1 1521 313 1602
259 2 2 1 1 283 99 1583
260 2 2 1 1 172 173 1603
261 2 2 1 1 113 246 1726
262 2 2 1 1 1066 2589 2633
263 2 2 1 1 2589 1660 2633
264 2 2 1 1 1582 274 2217
265 2 2 1 1 1639 1510 2612
266 2 2 1 1 1061 1624 2606
267 2 2 1 1 1071 1658 2213
268 2 2 1 1 282 1543 2045
269 2 2 1 1 1065 2579 2667
270 2 2 1 1 1688 1690 2623
271 2 2 1 1 1540 242 2002
272 2 2 1 1 2032 49 2561
273 2 2 1 1 258 1537 1663
274 2 2 1 1 1538 260 1666
275 2 2 1 1 1499 319 2625
276 2 2 1 1 260 1538 1730
277 2 2 1 1 1527 275 2677
278 2 2 1 1 1701 1582 2217
279 2 2 1 1 319 1499 2664
280 2 2 1 1 279 22 1595
281 2 2 1 1 309 184 1664
282 2 2 1 1 1637 1626 1702
283 2 2 1 1 2121 276 2505
284 2 2 1 1 1550 315 1597
285 2 2 1 1 1609 1632 2580
286 2 2 1 1 1234 1236 1602
287 2 2 1 1 279 1523 1697
288 2 2 1 1 2504 1376 2626
289 2 2 1 1 304 1498 2536
290 2 2 1 1 2515 1534 2619
291 2 2 1 1 1537 258 1662
292 2 2 1 1 1576 2604 2622
293 2 2 1 1 1717 289 1718
294 2 2 1 1 1510 1639 2608
295 2 2 1 1 2579 1685 2667
296 2 2 1 1 2590 1925 2698
297 2 2 1 1 1593 282 2045
298 2 2 1 1 1498 304 2711
299 2 2 1 1 173 265 1603
300 2 2 1 1 1370 1536 2580
301 2 2 1 1 1650 308 1652
302 2 2 1 1 1624 2136 2606
303 2 2 1 1 90 91 1596
304 2 2 1 1 1534 1734 2619
305 2 2 1 1 1672 873 2225
306 2 2 1 1 1521 1594 1601
307 2 2 1 1 1376 2504 2664
308 2 2 1 1 1547 281 2035
309 2 2 1 1 880 882 1707
310 2 2 1 1 873 1672 2715
311 2 2 1 1 2500 1477 2602
312 2 2 1 1 1926 268 2572
313 2 2 1 1 1694 1693 1695
314 2 2 1 1 250 2578 2627
315 2 2 1 1 278 2590 2698
316 2 2 1 1 1606 1516 2262
317 2 2 1 1 1701 318 2565
318 2 2 1 1 255 1623 1635
319 2 2 1 1 2578 2094 2627
320 2 2 1 1 1541 239 2552
321 2 2 1 1 22 23 1595
322 2 2 1 1 294 1535 2600
323 2 2 1 1 1529 237 2583
324 2 2 1 1 318 1701 2217
325 2 2 1 1 268 1926 2731
326 2 2 1 1 2143 250 2518
327 2 2 1 1 1496 1528 2581
328 2 2 1 1 1522 294 2600
329 2 2 1 1 1609 1611 1632
330 2 2 1 1 1663 1155 1665
331 2 2 1 1 32 2168 2625
332 2 2 1 1 1688 1689 1690
333 2 2 1 1 1594 270 1601
334 2 2 1 1 2565 318 2576
335 2 2 1 1 185 258 1664
336 2 2 1 1 1578 287 1581
337 2 2 1 1 2605 266 2634
338 2 2 1 1 2168 32 2721
339 2 2 1 1 294 1522 2724
340 2 2 1 1 275 1777 1778
341 2 2 1 1 48 49 2032
342 2 2 1 1 289 1717 2630
343 2 2 1 1 1695 1693 2584
344 2 2 1 1 250 2143 2578
345 2 2 1 1 2629 1775 2688
346 2 2 1 1 112 113 1726
347 2 2 1 1 50 290 2561
348 2 2 1 1 2183 2605 2634
349 2 2 1 1 1658 1071 2573
350 2 2 1 1 238 1596 2654
351 2 2 1 1 301 1536 1607
352 2 2 1 1 2604 248 2622
353 2 2 1 1 2616 2026 2640
354 2 2 1 1 2555 1524 2615
355 2 2 1 1 308 1650 1661
356 2 2 1 1 249 48 2032
357 2 2 1 1 1542 2565 2576
358 2 2 1 1 1697 1217 1769
359 2 2 1 1 1621 1619 1702
360 2 2 1 1 247 2616 2640
361 2 2 1 1 2002 242 2003
362 2 2 1 1 1623 255 1702
363 2 2 1 1 1484 1483 2563
364 2 2 1 1 287 1578 1587
365 2 2 1 1 88 1586 2643
366 2 2 1 1 276 2121 2601
367 2 2 1 1 299 2629 2688
368 2 2 1 1 174 175 1694
369 2 2 1 1 1586 88 2700
370 2 2 1 1 313 172 1603
371 2 2 1 1 2202 1685 2579
372 2 2 1 1 269 1528 2709
373 2 2 1 1 1236 1521 1602
374 2 2 1 1 1472 1234 1602
375 2 2 1 1 1528 269 2735
376 2 2 1 1 1155 1663 2673
377 2 2 1 1 256 1639 2612
378 2 2 1 1 1583 100 2621
379 2 2 1 1 2562 330 2563
380 2 2 1 1 1632 1370 2580
381 2 2 1 1 312 1678 1693
382 2 2 1 1 1678 312 1692
383 2 2 1 1 1597 315 2686
384 2 2 1 1 1626 1637 2730
385 2 2 1 1 224 225 1689
386 2 2 1 1 888 898 1708
387 2 2 1 1 1652 308 1653
388 2 2 1 1 1930 2469 2698
389 2 2 1 1 1685 2202 2618
390 2 2 1 1 1726 246 2638
391 2 2 1 1 2641 965 2715
392 2 2 1 1 279 1697 2581
393 2 2 1 1 242 1540 2621
394 2 2 1 1 285 1548 1727
395 2 2 1 1 2219 1651 2573
396 2 2 1 1 2633 1660 2663
397 2 2 1 1 1634 2157 2711
398 2 2 1 1 2631 135 2650
399 2 2 1 1 1803 273 2646
400 2 2 1 1 2560 2039 2574
401 2 2 1 1 1660 1659 2663
402 2 2 1 1 281 2034 2035
403 2 2 1 1 255 1637 1702
404 2 2 1 1 1673 2641 2715
405 2 2 1 1 1544 240 2569
406 2 2 1 1 1340 1606 2262
407 2 2 1 1 67 2645 2670
408 2 2 1 1 271 2500 2602
409 2 2 1 1 981 880 1707
410 2 2 1 1 882 1093 1707
411 2 2 1 1 273 1803 2749
412 2 2 1 1 1590 1724 2638
413 2 2 1 1 291 2560 2574
414 2 2 1 1 237 1949 2671
415 2 2 1 1 1512 2507 2749
416 2 2 1 1 241 1531 2644
417 2 2 1 1 2597 2504 2626
418 2 2 1 1 241 1545 2591
419 2 2 1 1 2563 330 2732
420 2 2 1 1 1693 1706 2584
421 2 2 1 1 265 174 1694
422 2 2 1 1 2563 1483 2661
423 2 2 1 1 1706 1708 2584
424 2 2 1 1 2015 290 2695
425 2 2 1 1 1617 1615 2575
426 2 2 1 1 290 2015 2734
427 2 2 1 1 1672 1673 2715
428 2 2 1 1 1531 241 2704
429 2 2 1 1 1711 317 2594
430 2 2 1 1 1543 282 2610
431 2 2 1 1 225 264 1689
432 2 2 1 1 1545 241 2644
433 2 2 1 1 1538 1539 1730
434 2 2 1 1 2040 2039 2550
435 2 2 1 1 1456 1541 2552
436 2 2 1 1 1535 1600 2661
437 2 2 1 1 1803 322 2490
438 2 2 1 1 304 1634 2711
439 2 2 1 1 2588 1146 2609
440 2 2 1 1 1590 2638 2705
441 2 2 1 1 1523 1217 1697
442 2 2 1 1 1496 1697 1769
443 2 2 1 1 2550 2039 2560
444 2 2 1 1 266 1542 2576
445 2 2 1 1 1626 1621 1702
446 2 2 1 1 1619 1623 1702
447 2 2 1 1 2049 2544 2554
448 2 2 1 1 297 2555 2615
449 2 2 1 1 240 1544 2753
450 2 2 1 1 2544 245 2554
451 2 2 1 1 1546 9 2727
452 2 2 1 1 2469 278 2698
453 2 2 1 1 2645 2065 2670
454 2 2 1 1 1930 1931 2469
455 2 2 1 1 2517 1821 2566
456 2 2 1 1 2213 1658 2690
457 2 2 1 1 317 1711 2726
458 2 2 1 1 898 1153 1708
459 2 2 1 1 1612 1610 1753
460 2 2 1 1 2570 1631 2635
461 2 2 1 1 2040 245 2544
462 2 2 1 1 2027 2026 2595
463 2 2 1 1 46 2607 2636
464 2 2 1 1 2507 1512 2599
465 2 2 1 1 1542 266 2605
466 2 2 1 1 175 312 1694
467 2 2 1 1 9 1546 2716
468 2 2 1 1 2031 249 2032
469 2 2 1 1 1718 289 1719
470 2 2 1 1 1653 261 1654
471 2 2 1 1 1548 285 2598
472 2 2 1 1 238 1585 2700
473 2 2 1 1 309 1664 2653
474 2 2 1 1 245 2040 2550
475 2 2 1 1 1472 1602 1603
476 2 2 1 1 843 890 1742
477 2 2 1 1 2300 2631 2650
478 2 2 1 1 314 224 1689
479 2 2 1 1 1093 888 1708
480 2 2 1 1 2548 1178 2577
481 2 2 1 1 1522 1477 2500
482 2 2 1 1 2507 273 2749
483 2 2 1 1 1648 259 1661
484 2 2 1 1 315 1550 2611
485 2 2 1 1 1676 1678 1692
486 2 2 1 1 239 1541 2750
487 2 2 1 1 2595 2026 2616
488 2 2 1 1 214 215 1661
489 2 2 1 1 2027 291 2574
490 2 2 1 1 2121 2505 2684
491 2 2 1 1 1516 1606 2743
492 2 2 1 1 244 1723 2067
493 2 2 1 1 281 1547 2699
494 2 2 1 1 106 1705 2746
495 2 2 1 1 121 2008 2622
496 2 2 1 1 1686 314 1688
497 2 2 1 1 1646 259 1648
498 2 2 1 1 985 1613 1742
499 2 2 1 1 297 1584 2555
500 2 2 1 1 298 2296 2613
501 2 2 1 1 2504 319 2664
502 2 2 1 1 2048 2049 2567
503 2 2 1 1 2005 1020 2006
504 2 2 1 1 2049 2554 2567
505 2 2 1 1 2675 1691 2681
506 2 2 1 1 258 1663 1664
507 2 2 1 1 1656 1657 2592
508 2 2 1 1 1678 1677 1706
509 2 2 1 1 270 1594 2577
510 2 2 1 1 291 2027 2595
511 2 2 1 1 1696 2411 2436
512 2 2 1 1 1821 2517 2671
513 2 2 1 1 1672 2225 2587
514 2 2 1 1 322 1803 2646
515 2 2 1 1 1642 2409 2570
516 2 2 1 1 1705 106 2651
517 2 2 1 1 314 1686 1712
518 2 2 1 1 259 1646 1713
519 2 2 1 1 2210 2592 2681
520 2 2 1 1 1639 306 2608
521 2 2 1 1 1615 1753 2575
522 2 2 1 1 2157 1634 2614
523 2 2 1 1 263 1676 1692
524 2 2 1 1 1578 1579 1587
525 2 2 1 1 283 1583 2585
526 2 2 1 1 1668 1730 2486
527 2 2 1 1 1584 297 2593
528 2 2 1 1 1650 1648 1661
529 2 2 1 1 335 333 2345
530 2 2 1 1 1630 1631 2589
531 2 2 1 1 1631 1629 2635
532 2 2 1 1 1709 244 2067
533 2 2 1 1 1651 2219 2761
534 2 2 1 1 2582 288 2603
535 2 2 1 1 2652 1497 2653
536 2 2 1 1 1071 2219 2573
537 2 2 1 1 215 308 1661
538 2 2 1 1 259 214 1661
539 2 2 1 1 1610 1633 1753
540 2 2 1 1 1587 1579 1588
541 2 2 1 1 2592 1657 2681
542 2 2 1 1 1615 1612 1753
543 2 2 1 1 2052 2582 2603
544 2 2 1 1 1680 1684 1691
545 2 2 1 1 1965 2617 2642
546 2 2 1 1 2008 121 2764
547 2 2 1 1 1538 1666 2708
548 2 2 1 1 1651 1652 2573
549 2 2 1 1 845 843 1742
550 2 2 1 1 890 985 1742
551 2 2 1 1 169 270 1599
552 2 2 1 1 1717 1723 2630
553 2 2 1 1 265 1694 1695
554 2 2 1 1 1778 2588 2609
555 2 2 1 1 1591 332 1696
556 2 2 1 1 2411 1526 2436
557 2 2 1 1 1599 270 2577
558 2 2 1 1 1585 238 2654
559 2 2 1 1 1689 264 1690
560 2 2 1 1 1635 1623 2575
561 2 2 1 1 263 1674 1676
562 2 2 1 1 1674 263 1919
563 2 2 1 1 203 302 1633
564 2 2 1 1 1693 1678 1706
565 2 2 1 1 312 1693 1694
566 2 2 1 1 1688 314 1689
567 2 2 1 1 2564 1592 2739
568 2 2 1 1 331 332 1591
569 2 2 1 1 1679 1680 1691
570 2 2 1 1 249 2031 2497
571 2 2 1 1 1623 1617 2575
572 2 2 1 1 1144 1346 1754
573 2 2 1 1 1346 1700 1754
574 2 2 1 1 1668 1667 1730
575 2 2 1 1 1597 267 1710
576 2 2 1 1 1656 2592 2690
577 2 2 1 1 1178 2345 2577
578 2 2 1 1 1730 1539 2486
579 2 2 1 1 1664 1665 2653
580 2 2 1 1 334 918 1696
581 2 2 1 1 916 792 1744
582 2 2 1 1 1698 916 1744
583 2 2 1 1 329 2564 2739
584 2 2 1 1 2607 1501 2636
585 2 2 1 1 1681 262 1712
586 2 2 1 1 1643 305 1713
587 2 2 1 1 167 168 1598
588 2 2 1 1 1598 168 1599
589 2 2 1 1 331 295 332
590 2 2 1 1 1591 1696 2436
591 2 2 1 1 234 325 1600
592 2 2 1 1 166 295 331
593 2 2 1 1 333 1598 2345
594 2 2 1 1 202 203 1633
595 2 2 1 1 1605 300 1606
596 2 2 1 1 171 313 1601
597 2 2 1 1 300 228 1604
598 2 2 1 1 1641 305 1642
599 2 2 1 1 1608 253 1609
600 2 2 1 1 1679 262 1680
601 2 2 1 1 227 300 1605
602 2 2 1 1 312 176 1692
603 2 2 1 1 183 309 1666
604 2 2 1 1 304 196 1634
605 2 2 1 1 199 301 1607
606 2 2 1 1 306 192 1636
607 2 2 1 1 211 305 1641
608 2 2 1 1 181 260 1667
609 2 2 1 1 256 190 1639
610 2 2 1 1 189 256 1640
611 2 2 1 1 258 186 1662
612 2 2 1 1 201 253 1608
613 2 2 1 1 255 206 1637
614 2 2 1 1 205 255 1635
615 2 2 1 1 209 257 1638
616 2 2 1 1 221 262 1679
617 2 2 1 1 2061 248 2604
618 2 2 1 1 2512 1462 2516
619 2 2 1 1 2008 1576 2622
620 2 2 1 1 1178 335 2345
621 2 2 1 1 1686 1681 1712
622 2 2 1 1 1646 1643 1713
623 2 2 1 1 2593 328 2626
624 2 2 1 1 925 1115 2520
625 2 2 1 1 332 334 1696
626 2 2 1 1 1581 287 2745
627 2 2 1 1 316 2146 2655
628 2 2 1 1 1547 1529 2583
629 2 2 1 1 1690 264 2558
630 2 2 1 1 1667 260 1730
631 2 2 1 1 2016 2015 2659
632 2 2 1 1 168 169 1599
633 2 2 1 1 307 1640 2150
634 2 2 1 1 1602 313 1603
635 2 2 1 1 1594 2548 2577
636 2 2 1 1 1524 1595 2615
637 2 2 1 1 2409 1631 2570
638 2 2 1 1 1633 302 1753
639 2 2 1 1 1654 261 1655
640 2 2 1 1 1718 1719 1720
641 2 2 1 1 1585 1586 2700
642 2 2 1 1 916 1714 1997
643 2 2 1 1 1714 1716 1997
644 2 2 1 1 792 925 1744
645 2 2 1 1 916 1698 1714
646 2 2 1 1 1592 2436 2613
647 2 2 1 1 1732 2142 2165
648 2 2 1 1 298 2613 2736
649 2 2 1 1 1350 1144 1754
650 2 2 1 1 288 2048 2567
651 2 2 1 1 311 1669 1919
652 2 2 1 1 1641 1642 2570
653 2 2 1 1 1624 1061 2710
654 2 2 1 1 1700 1346 1774
655 2 2 1 1 2048 288 2582
656 2 2 1 1 264 1605 2558
657 2 2 1 1 2168 1499 2625
658 2 2 1 1 275 1778 2568
659 2 2 1 1 966 2269 2303
660 2 2 1 1 1774 1346 1782
661 2 2 1 1 2596 327 2683
662 2 2 1 1 897 1774 1782
663 2 2 1 1 1595 23 2615
664 2 2 1 1 2001 2002 2003
665 2 2 1 1 1664 1663 1665
666 2 2 1 1 2142 1732 2269
667 2 2 1 1 2617 243 2642
668 2 2 1 1 1120 1317 2428
669 2 2 1 1 2655 2146 2679
670 2 2 1 1 2189 1065 2667
671 2 2 1 1 1744 925 2520
672 2 2 1 1 1945 1338 2481
673 2 2 1 1 1373 1083 1995
674 2 2 1 1 1791 1377 2534
675 2 2 1 1 1268 1345 2527
676 2 2 1 1 1994 1373 1995
677 2 2 1 1 1657 2675 2681
678 2 2 1 1 2122 1230 2400
679 2 2 1 1 508 516 2523
680 2 2 1 1 966 2142 2269
681 2 2 1 1 1734 1733 2116
682 2 2 1 1 2088 1211 2414
683 2 2 1 1 1733 1230 2116
684 2 2 1 1 1317 1731 2428
685 2 2 1 1 1587 1588 1589
686 2 2 1 1 1940 2413 2418
687 2 2 1 1 1636 254 2556
688 2 2 1 1 1549 1548 2598
689 2 2 1 1 2221 1068 2696
690 2 2 1 1 1211 1737 1739
691 2 2 1 1 1737 1419 1739
692 2 2 1 1 2151 296 2559
693 2 2 1 1 1230 1733 2400
694 2 2 1 1 1993 875 2470
695 2 2 1 1 1755 1580 2060
696 2 2 1 1 1729 2206 2223
697 2 2 1 1 1459 1727 1764
698 2 2 1 1 1706 1093 1708
699 2 2 1 1 295 167 1598
700 2 2 1 1 516 1940 2418
701 2 2 1 1 1665 2652 2653
702 2 2 1 1 2303 1378 2482
703 2 2 1 1 1588 1579 1755
704 2 2 1 1 253 202 1633
705 2 2 1 1 923 927 1748
706 2 2 1 1 2659 2015 2695
707 2 2 1 1 1778 1777 2588
708 2 2 1 1 1669 1674 1919
709 2 2 1 1 2297 1400 2480
710 2 2 1 1 1525 1527 2496
711 2 2 1 1 233 234 1600
712 2 2 1 1 165 166 331
713 2 2 1 1 1218 1219 2468
714 2 2 1 1 179 311 1919
715 2 2 1 1 223 314 1712
716 2 2 1 1 263 178 1919
717 2 2 1 1 262 222 1712
718 2 2 1 1 305 212 1713
719 2 2 1 1 213 259 1713
720 2 2 1 1 170 171 1601
721 2 2 1 1 228 229 1604
722 2 2 1 1 1211 1739 2414
723 2 2 1 1 226 227 1605
724 2 2 1 1 176 177 1692
725 2 2 1 1 182 183 1666
726 2 2 1 1 196 197 1634
727 2 2 1 1 192 193 1636
728 2 2 1 1 198 199 1607
729 2 2 1 1 210 211 1641
730 2 2 1 1 180 181 1667
731 2 2 1 1 190 191 1639
732 2 2 1 1 188 189 1640
733 2 2 1 1 186 187 1662
734 2 2 1 1 200 201 1608
735 2 2 1 1 206 207 1637
736 2 2 1 1 204 205 1635
737 2 2 1 1 220 221 1679
738 2 2 1 1 208 209 1638
739 2 2 1 1 2465 1988 2466
740 2 2 1 1 2293 1404 2477
741 2 2 1 1 1083 1428 1995
742 2 2 1 1 2454 920 2458
743 2 2 1 1 1408 1758 2441
744 2 2 1 1 1868 2454 2458
745 2 2 1 1 301 1608 2580
746 2 2 1 1 529 2465 2466
747 2 2 1 1 2001 2003 2004
748 2 2 1 1 2449 1885 2450
749 2 2 1 1 1789 2488 2491
750 2 2 1 1 1993 1373 1994
751 2 2 1 1 1864 2455 2456
752 2 2 1 1 2455 952 2456
753 2 2 1 1 1731 1317 2269
754 2 2 1 1 1696 918 2411
755 2 2 1 1 1185 1459 1764
756 2 2 1 1 951 2449 2450
757 2 2 1 1 2488 537 2491
758 2 2 1 1 332 295 333
759 2 2 1 1 1710 267 1711
760 2 2 1 1 519 1945 2481
761 2 2 1 1 1099 1728 1764
762 2 2 1 1 1728 1099 1748
763 2 2 1 1 1680 262 1681
764 2 2 1 1 1609 253 1610
765 2 2 1 1 1642 305 1643
766 2 2 1 1 2461 536 2462
767 2 2 1 1 1099 923 1748
768 2 2 1 1 1846 1847 2429
769 2 2 1 1 1841 2461 2462
770 2 2 1 1 2078 1385 2463
771 2 2 1 1 1004 1757 2118
772 2 2 1 1 1385 2460 2463
773 2 2 1 1 1579 1580 1755
774 2 2 1 1 2442 1882 2445
775 2 2 1 1 2630 1723 2740
776 2 2 1 1 1867 1868 2453
777 2 2 1 1 950 2442 2445
778 2 2 1 1 2453 1868 2458
779 2 2 1 1 1186 1218 1756
780 2 2 1 1 1287 1117 2256
781 2 2 1 1 1001 1128 1761
782 2 2 1 1 1408 2277 2286
783 2 2 1 1 1747 1287 2256
784 2 2 1 1 1380 1585 1749
785 2 2 1 1 2277 754 2286
786 2 2 1 1 2206 1219 2223
787 2 2 1 1 1762 2181 2390
788 2 2 1 1 2072 1433 2425
789 2 2 1 1 1654 1655 1656
790 2 2 1 1 2396 702 2398
791 2 2 1 1 1882 948 2426
792 2 2 1 1 1373 1993 2470
793 2 2 1 1 2666 1472 2685
794 2 2 1 1 1729 1748 2206
795 2 2 1 1 1482 2396 2398
796 2 2 1 1 1442 1439 2452
797 2 2 1 1 1720 1719 1721
798 2 2 1 1 1797 778 2493
799 2 2 1 1 1910 1915 2415
800 2 2 1 1 1989 1988 2464
801 2 2 1 1 1728 1185 1764
802 2 2 1 1 778 1120 2428
803 2 2 1 1 2464 1988 2465
804 2 2 1 1 2528 1939 2529
805 2 2 1 1 2393 669 2395
806 2 2 1 1 1738 2393 2395
807 2 2 1 1 1842 1841 2459
808 2 2 1 1 1381 2098 2373
809 2 2 1 1 2269 1317 2303
810 2 2 1 1 1950 1169 2104
811 2 2 1 1 1438 1109 2447
812 2 2 1 1 1191 2084 2348
813 2 2 1 1 2013 1282 2407
814 2 2 1 1 1206 1320 2492
815 2 2 1 1 912 2122 2400
816 2 2 1 1 851 1735 2328
817 2 2 1 1 1446 2528 2529
818 2 2 1 1 1913 1226 2076
819 2 2 1 1 1736 1735 2334
820 2 2 1 1 1842 539 2448
821 2 2 1 1 1745 1186 1756
822 2 2 1 1 2091 912 2399
823 2 2 1 1 1004 1756 1757
824 2 2 1 1 917 1755 2060
825 2 2 1 1 1754 1701 2565
826 2 2 1 1 1736 2334 2336
827 2 2 1 1 1761 1128 1762
828 2 2 1 1 1743 918 2385
829 2 2 1 1 1187 1745 1756
830 2 2 1 1 2399 912 2400
831 2 2 1 1 1745 1187 1760
832 2 2 1 1 1751 591 2372
833 2 2 1 1 1881 1882 2426
834 2 2 1 1 1832 1831 2443
835 2 2 1 1 1748 927 2206
836 2 2 1 1 2078 529 2466
837 2 2 1 1 1756 1218 1757
838 2 2 1 1 2459 1841 2462
839 2 2 1 1 1761 1762 2390
840 2 2 1 1 1788 1391 2485
841 2 2 1 1 1867 952 2455
842 2 2 1 1 1770 445 2181
843 2 2 1 1 1814 2081 2307
844 2 2 1 1 2327 851 2328
845 2 2 1 1 591 340 2372
846 2 2 1 1 1864 951 2450
847 2 2 1 1 1115 1732 2520
848 2 2 1 1 999 1913 2076
849 2 2 1 1 1383 1384 2392
850 2 2 1 1 1408 1407 1758
851 2 2 1 1 1598 1599 2345
852 2 2 1 1 529 2078 2463
853 2 2 1 1 2596 2683 2741
854 2 2 1 1 378 2088 2414
855 2 2 1 1 2030 2294 2306
856 2 2 1 1 1735 851 2334
857 2 2 1 1 952 1867 2453
858 2 2 1 1 2294 746 2306
859 2 2 1 1 2084 1479 2348
860 2 2 1 1 230 231 2500
861 2 2 1 1 1999 1471 2001
862 2 2 1 1 375 378 2479
863 2 2 1 1 2135 2013 2152
864 2 2 1 1 1584 2593 2626
865 2 2 1 1 1442 2327 2328
866 2 2 1 1 397 2135 2152
867 2 2 1 1 966 2303 2482
868 2 2 1 1 1077 1851 1852
869 2 2 1 1 1187 1001 1761
870 2 2 1 1 2068 1410 2387
871 2 2 1 1 2277 1408 2441
872 2 2 1 1 999 1911 1913
873 2 2 1 1 2068 669 2391
874 2 2 1 1 1732 1731 2269
875 2 2 1 1 1835 832 2438
876 2 2 1 1 1380 1749 1950
877 2 2 1 1 762 2297 2480
878 2 2 1 1 1989 536 2461
879 2 2 1 1 2242 1990 2380
880 2 2 1 1 1750 1231 2242
881 2 2 1 1 1837 1842 2448
882 2 2 1 1 2097 867 2467
883 2 2 1 1 1394 1395 2382
884 2 2 1 1 758 2293 2477
885 2 2 1 1 1852 1853 2389
886 2 2 1 1 1256 1968 2201
887 2 2 1 1 2030 1287 2284
888 2 2 1 1 2391 669 2393
889 2 2 1 1 951 1864 2456
890 2 2 1 1 1023 1025 1850
891 2 2 1 1 1847 2226 2429
892 2 2 1 1 1762 1770 2181
893 2 2 1 1 1589 1588 1590
894 2 2 1 1 1894 854 2412
895 2 2 1 1 1826 540 2433
896 2 2 1 1 1219 2206 2468
897 2 2 1 1 539 2444 2448
898 2 2 1 1 2118 1757 2305
899 2 2 1 1 1469 1540 2002
900 2 2 1 1 2091 1482 2398
901 2 2 1 1 2094 2511 2627
902 2 2 1 1 2098 1248 2373
903 2 2 1 1 1758 1407 1759
904 2 2 1 1 2030 2284 2294
905 2 2 1 1 2001 1471 2002
906 2 2 1 1 1831 538 2443
907 2 2 1 1 1894 1895 2419
908 2 2 1 1 2036 1421 2378
909 2 2 1 1 1117 1231 2256
910 2 2 1 1 832 2435 2438
911 2 2 1 1 1410 2386 2387
912 2 2 1 1 948 2422 2426
913 2 2 1 1 527 1788 2485
914 2 2 1 1 1896 944 2403
915 2 2 1 1 2036 664 2383
916 2 2 1 1 1749 1169 1950
917 2 2 1 1 1482 2091 2399
918 2 2 1 1 1957 2019 2376
919 2 2 1 1 1077 1850 1851
920 2 2 1 1 195 304 2536
921 2 2 1 1 702 1738 2395
922 2 2 1 1 2419 1895 2422
923 2 2 1 1 254 194 2536
924 2 2 1 1 1950 1418 2249
925 2 2 1 1 1377 2420 2534
926 2 2 1 1 1789 1788 2487
927 2 2 1 1 1911 999 1918
928 2 2 1 1 1196 1790 1963
929 2 2 1 1 2381 1743 2385
930 2 2 1 1 1345 2404 2527
931 2 2 1 1 1231 1750 2256
932 2 2 1 1 2383 664 2386
933 2 2 1 1 1825 1826 2433
934 2 2 1 1 502 504 1875
935 2 2 1 1 1287 1747 2284
936 2 2 1 1 1915 929 2415
937 2 2 1 1 854 2405 2412
938 2 2 1 1 1727 1362 1764
939 2 2 1 1 1885 950 2445
940 2 2 1 1 536 1989 2464
941 2 2 1 1 1362 1099 1764
942 2 2 1 1 2151 2559 2683
943 2 2 1 1 2019 943 2376
944 2 2 1 1 918 336 2385
945 2 2 1 1 1789 2487 2488
946 2 2 1 1 1833 1835 2438
947 2 2 1 1 1025 1848 1850
948 2 2 1 1 1738 702 2396
949 2 2 1 1 1991 1183 2522
950 2 2 1 1 1418 1950 2104
951 2 2 1 1 2029 1423 2368
952 2 2 1 1 2081 1118 2307
953 2 2 1 1 1214 2063 2102
954 2 2 1 1 520 1874 1875
955 2 2 1 1 332 333 334
956 2 2 1 1 1471 1469 2002
957 2 2 1 1 540 2430 2433
958 2 2 1 1 1386 2033 2237
959 2 2 1 1 509 1907 1909
960 2 2 1 1 1081 1845 1846
961 2 2 1 1 393 2072 2425
962 2 2 1 1 1221 1758 1759
963 2 2 1 1 2029 660 2374
964 2 2 1 1 1421 2377 2378
965 2 2 1 1 1418 764 2249
966 2 2 1 1 1196 1819 2272
967 2 2 1 1 1902 942 2402
968 2 2 1 1 1831 1830 2431
969 2 2 1 1 1765 1541 1984
970 2 2 1 1 1913 1912 2317
971 2 2 1 1 2484 527 2485
972 2 2 1 1 1437 1945 2483
973 2 2 1 1 1077 1023 1850
974 2 2 1 1 1238 2022 2164
975 2 2 1 1 1881 1897 2037
976 2 2 1 1 944 2401 2403
977 2 2 1 1 950 1885 2449
978 2 2 1 1 2163 756 2344
979 2 2 1 1 2237 727 2356
980 2 2 1 1 1018 1021 1854
981 2 2 1 1 1419 1737 2423
982 2 2 1 1 1790 1196 2272
983 2 2 1 1 1284 1796 2319
984 2 2 1 1 1912 2261 2317
985 2 2 1 1 509 1909 1918
986 2 2 1 1 1680 1681 1682
987 2 2 1 1 1609 1610 1611
988 2 2 1 1 1642 1643 1644
989 2 2 1 1 1890 1894 2412
990 2 2 1 1 261 1653 2765
991 2 2 1 1 1906 1914 2410
992 2 2 1 1 1891 1896 2403
993 2 2 1 1 1830 2430 2431
994 2 2 1 1 1338 1995 2481
995 2 2 1 1 764 2033 2251
996 2 2 1 1 516 2418 2523
997 2 2 1 1 2163 1470 2208
998 2 2 1 1 2374 660 2377
999 2 2 1 1 1221 1759 2063
1000 2 2 1 1 1195 1855 1856
1001 2 2 1 1 1968 2077 2201
1002 2 2 1 1 2060 1580 2358
1003 2 2 1 1 1025 1027 1848
1004 2 2 1 1 504 520 1875
1005 2 2 1 1 1863 1884 2011
1006 2 2 1 1 1437 2483 2484
1007 2 2 1 1 1757 1218 2468
1008 2 2 1 1 2249 764 2251
1009 2 2 1 1 1079 1951 1979
1010 2 2 1 1 502 1875 2205
1011 2 2 1 1 948 1882 2442
1012 2 2 1 1 2042 1425 2355
1013 2 2 1 1 1195 1854 1855
1014 2 2 1 1 1471 1999 2208
1015 2 2 1 1 1081 1844 1845
1016 2 2 1 1 1610 253 1633
1017 2 2 1 1 1003 1799 2134
1018 2 2 1 1 776 909 2080
1019 2 2 1 1 1907 509 1916
1020 2 2 1 1 462 464 1918
1021 2 2 1 1 2362 558 2421
1022 2 2 1 1 1901 1902 2402
1023 2 2 1 1 1951 1295 1979
1024 2 2 1 1 1410 2068 2391
1025 2 2 1 1 647 2068 2387
1026 2 2 1 1 1967 1968 2271
1027 2 2 1 1 333 295 1598
1028 2 2 1 1 2042 659 2361
1029 2 2 1 1 1470 1471 2208
1030 2 2 1 1 1226 1913 2317
1031 2 2 1 1 2402 942 2408
1032 2 2 1 1 2152 2013 2407
1033 2 2 1 1 569 590 2331
1034 2 2 1 1 1423 2364 2368
1035 2 2 1 1 1238 2021 2022
1036 2 2 1 1 2033 1386 2251
1037 2 2 1 1 1914 938 2410
1038 2 2 1 1 1434 2097 2467
1039 2 2 1 1 784 2022 2023
1040 2 2 1 1 897 896 2252
1041 2 2 1 1 2019 1960 2384
1042 2 2 1 1 784 2023 2155
1043 2 2 1 1 641 2036 2378
1044 2 2 1 1 1029 1031 1844
1045 2 2 1 1 1654 1656 1658
1046 2 2 1 1 2386 664 2387
1047 2 2 1 1 1014 1016 1857
1048 2 2 1 1 2270 1967 2271
1049 2 2 1 1 1966 936 2077
1050 2 2 1 1 591 2381 2385
1051 2 2 1 1 1930 1929 1931
1052 2 2 1 1 2098 1191 2348
1053 2 2 1 1 926 2388 2394
1054 2 2 1 1 1656 1655 1657
1055 2 2 1 1 765 1766 2353
1056 2 2 1 1 1721 1719 1726
1057 2 2 1 1 1816 1215 2024
1058 2 2 1 1 2021 1238 2092
1059 2 2 1 1 442 445 2366
1060 2 2 1 1 918 1743 2411
1061 2 2 1 1 818 2010 2308
1062 2 2 1 1 1765 1984 2127
1063 2 2 1 1 2221 2696 2733
1064 2 2 1 1 1968 1966 2077
1065 2 2 1 1 1812 1121 1814
1066 2 2 1 1 1811 1813 2162
1067 2 2 1 1 2081 1381 2373
1068 2 2 1 1 2037 1897 2169
1069 2 2 1 1 1127 1948 2119
1070 2 2 1 1 1932 1933 1934
1071 2 2 1 1 500 502 2205
1072 2 2 1 1 1796 1795 2319
1073 2 2 1 1 506 2037 2169
1074 2 2 1 1 2361 659 2364
1075 2 2 1 1 1088 1089 1933
1076 2 2 1 1 1551 1941 1942
1077 2 2 1 1 2178 933 2199
1078 2 2 1 1 1799 2178 2199
1079 2 2 1 1 1837 1839 1842
1080 2 2 1 1 1856 535 2337
1081 2 2 1 1 635 2029 2368
1082 2 2 1 1 2043 1424 2332
1083 2 2 1 1 1768 512 2138
1084 2 2 1 1 1813 967 2162
1085 2 2 1 1 1214 1221 2063
1086 2 2 1 1 403 2166 2325
1087 2 2 1 1 1774 897 2252
1088 2 2 1 1 1720 1721 1722
1089 2 2 1 1 1580 2357 2358
1090 2 2 1 1 752 2113 2130
1091 2 2 1 1 1760 1187 1761
1092 2 2 1 1 936 1767 2010
1093 2 2 1 1 2384 1960 2388
1094 2 2 1 1 445 1770 2366
1095 2 2 1 1 1884 1883 2011
1096 2 2 1 1 1909 1911 1918
1097 2 2 1 1 1814 2080 2081
1098 2 2 1 1 1769 1217 1816
1099 2 2 1 1 2022 784 2164
1100 2 2 1 1 875 2097 2470
1101 2 2 1 1 2043 661 2343
1102 2 2 1 1 1081 1029 1844
1103 2 2 1 1 2234 1383 2392
1104 2 2 1 1 1344 1773 2214
1105 2 2 1 1 1421 2036 2383
1106 2 2 1 1 1806 1807 2182
1107 2 2 1 1 1750 2242 2380
1108 2 2 1 1 1193 2009 2105
1109 2 2 1 1 971 1088 1928
1110 2 2 1 1 1928 1929 1930
1111 2 2 1 1 1195 1018 1854
1112 2 2 1 1 858 1905 1916
1113 2 2 1 1 1767 936 1966
1114 2 2 1 1 2113 1466 2130
1115 2 2 1 1 1021 1077 1854
1116 2 2 1 1 1968 1256 2271
1117 2 2 1 1 1807 1451 2182
1118 2 2 1 1 1425 2350 2355
1119 2 2 1 1 1903 858 1917
1120 2 2 1 1 537 1964 2491
1121 2 2 1 1 586 2060 2358
1122 2 2 1 1 2327 1442 2452
1123 2 2 1 1 590 1780 2331
1124 2 2 1 1 539 1842 2459
1125 2 2 1 1 1799 1003 2178
1126 2 2 1 1 521 1961 2089
1127 2 2 1 1 1883 510 2011
1128 2 2 1 1 1047 1084 1838
1129 2 2 1 1 2086 2366 2379
1130 2 2 1 1 1957 2056 2058
1131 2 2 1 1 1286 1014 1857
1132 2 2 1 1 629 2042 2355
1133 2 2 1 1 2377 660 2378
1134 2 2 1 1 2422 1895 2426
1135 2 2 1 1 1974 2057 2363
1136 2 2 1 1 958 1772 1983
1137 2 2 1 1 1202 1809 1811
1138 2 2 1 1 373 521 2089
1139 2 2 1 1 326 1591 1592
1140 2 2 1 1 1762 1128 1763
1141 2 2 1 1 1975 1976 2354
1142 2 2 1 1 1202 1811 2162
1143 2 2 1 1 858 1903 1905
1144 2 2 1 1 999 462 1918
1145 2 2 1 1 1089 1103 1933
1146 2 2 1 1 591 1751 2381
1147 2 2 1 1 1255 1805 2140
1148 2 2 1 1 1852 1851 1853
1149 2 2 1 1 1839 1841 1842
1150 2 2 1 1 579 765 2353
1151 2 2 1 1 466 468 1916
1152 2 2 1 1 1857 1856 2337
1153 2 2 1 1 464 509 1918
1154 2 2 1 1 1773 1235 2214
1155 2 2 1 1 2063 411 2102
1156 2 2 1 1 1837 1838 1839
1157 2 2 1 1 1027 1081 1848
1158 2 2 1 1 854 1894 2419
1159 2 2 1 1 1947 1948 2244
1160 2 2 1 1 1928 1088 1929
1161 2 2 1 1 909 1381 2080
1162 2 2 1 1 766 774 2069
1163 2 2 1 1 1000 1776 2128
1164 2 2 1 1 2405 1896 2412
1165 2 2 1 1 2444 1835 2448
1166 2 2 1 1 2330 1438 2447
1167 2 2 1 1 2062 1575 2341
1168 2 2 1 1 1002 2021 2092
1169 2 2 1 1 1121 776 2080
1170 2 2 1 1 399 2137 2301
1171 2 2 1 1 1849 1846 2429
1172 2 2 1 1 1772 958 1984
1173 2 2 1 1 1941 1551 1943
1174 2 2 1 1 2254 1394 2382
1175 2 2 1 1 2138 1204 2257
1176 2 2 1 1 2054 1422 2290
1177 2 2 1 1 1766 2352 2353
1178 2 2 1 1 2343 661 2350
1179 2 2 1 1 1045 1047 1838
1180 2 2 1 1 2062 597 2346
1181 2 2 1 1 1121 1812 2069
1182 2 2 1 1 2009 1413 2105
1183 2 2 1 1 1948 1409 2119
1184 2 2 1 1 2180 1947 2244
1185 2 2 1 1 1799 1798 2134
1186 2 2 1 1 852 1079 2339
1187 2 2 1 1 1984 958 2127
1188 2 2 1 1 1217 1215 1816
1189 2 2 1 1 1077 1852 1854
1190 2 2 1 1 1771 1417 2009
1191 2 2 1 1 1470 2163 2344
1192 2 2 1 1 573 2062 2341
1193 2 2 1 1 1388 1779 2115
1194 2 2 1 1 1865 513 1871
1195 2 2 1 1 1805 1804 2140
1196 2 2 1 1 2435 1826 2438
1197 2 2 1 1 623 2043 2332
1198 2 2 1 1 1336 1987 2101
1199 2 2 1 1 832 1835 2444
1200 2 2 1 1 2134 1412 2186
1201 2 2 1 1 1704 2000 2004
1202 2 2 1 1 1423 2029 2374
1203 2 2 1 1 547 549 1962
1204 2 2 1 1 1231 2096 2242
1205 2 2 1 1 1451 1807 2183
1206 2 2 1 1 944 1896 2405
1207 2 2 1 1 2057 939 2363
1208 2 2 1 1 2410 938 2416
1209 2 2 1 1 1838 1084 1839
1210 2 2 1 1 2010 1767 2308
1211 2 2 1 1 1809 1202 2160
1212 2 2 1 1 1786 928 2239
1213 2 2 1 1 326 331 1591
1214 2 2 1 1 510 1883 2109
1215 2 2 1 1 1173 1484 1775
1216 2 2 1 1 1976 932 2354
1217 2 2 1 1 513 1865 1870
1218 2 2 1 1 2054 665 2315
1219 2 2 1 1 1814 1121 2080
1220 2 2 1 1 1031 1843 1844
1221 2 2 1 1 1386 2237 2356
1222 2 2 1 1 2364 659 2368
1223 2 2 1 1 1905 1907 1916
1224 2 2 1 1 1735 1488 2328
1225 2 2 1 1 1794 997 1962
1226 2 2 1 1 752 749 2322
1227 2 2 1 1 928 881 2239
1228 2 2 1 1 1016 1195 1857
1229 2 2 1 1 1003 2134 2186
1230 2 2 1 1 2147 1246 2268
1231 2 2 1 1 1929 1088 1933
1232 2 2 1 1 911 1816 2024
1233 2 2 1 1 1210 1203 1943
1234 2 2 1 1 822 2085 2245
1235 2 2 1 1 1860 884 1870
1236 2 2 1 1 1193 1771 2009
1237 2 2 1 1 1082 1827 1828
1238 2 2 1 1 1846 1845 1847
1239 2 2 1 1 703 705 1784
1240 2 2 1 1 1815 766 2069
1241 2 2 1 1 1977 1002 2110
1242 2 2 1 1 1424 2326 2332
1243 2 2 1 1 2147 1411 2156
1244 2 2 1 1 1709 2067 2087
1245 2 2 1 1 1829 1832 1843
1246 2 2 1 1 1449 1063 1791
1247 2 2 1 1 509 466 1916
1248 2 2 1 1 1768 2138 2257
1249 2 2 1 1 1943 1203 1969
1250 2 2 1 1 1082 1829 1843
1251 2 2 1 1 1248 2098 2348
1252 2 2 1 1 1320 1205 1797
1253 2 2 1 1 1082 1828 1829
1254 2 2 1 1 468 858 1916
1255 2 2 1 1 1776 2073 2128
1256 2 2 1 1 334 333 335
1257 2 2 1 1 2346 597 2352
1258 2 2 1 1 2000 1704 2114
1259 2 2 1 1 1139 1806 2182
1260 2 2 1 1 1808 1809 2160
1261 2 2 1 1 1785 1204 2123
1262 2 2 1 1 371 373 2089
1263 2 2 1 1 1798 1232 2134
1264 2 2 1 1 668 1783 2173
1265 2 2 1 1 2401 1902 2403
1266 2 2 1 1 1411 1500 2156
1267 2 2 1 1 2166 1406 2325
1268 2 2 1 1 2020 1892 2133
1269 2 2 1 1 1082 1035 1827
1270 2 2 1 1 1682 1681 1683
1271 2 2 1 1 326 165 331
1272 2 2 1 1 1203 695 1969
1273 2 2 1 1 774 1121 2069
1274 2 2 1 1 1198 1993 1994
1275 2 2 1 1 980 891 2104
1276 2 2 1 1 1611 1610 1612
1277 2 2 1 1 2033 725 2237
1278 2 2 1 1 1338 1199 1994
1279 2 2 1 1 1104 971 1928
1280 2 2 1 1 2020 506 2169
1281 2 2 1 1 553 766 1815
1282 2 2 1 1 1924 1104 1927
1283 2 2 1 1 2106 1396 2132
1284 2 2 1 1 1680 1682 1684
1285 2 2 1 1 1644 1643 1645
1286 2 2 1 1 1219 1776 2223
1287 2 2 1 1 407 2316 2329
1288 2 2 1 1 1104 1924 1937
1289 2 2 1 1 540 1826 2435
1290 2 2 1 1 1294 1301 2053
1291 2 2 1 1 549 557 1962
1292 2 2 1 1 858 470 1917
1293 2 2 1 1 2106 744 2229
1294 2 2 1 1 334 336 918
1295 2 2 1 1 1985 1986 2108
1296 2 2 1 1 1229 1227 2158
1297 2 2 1 1 164 165 326
1298 2 2 1 1 234 235 325
1299 2 2 1 1 1802 1229 2158
1300 2 2 1 1 896 978 2252
1301 2 2 1 1 1948 1127 2244
1302 2 2 1 1 617 2054 2290
1303 2 2 1 1 348 1130 1795
1304 2 2 1 1 1779 1388 2112
1305 2 2 1 1 1816 911 2112
1306 2 2 1 1 978 1172 1174
1307 2 2 1 1 1836 1045 1838
1308 2 2 1 1 1412 1784 2125
1309 2 2 1 1 1043 1045 1836
1310 2 2 1 1 395 2124 2241
1311 2 2 1 1 1779 2099 2115
1312 2 2 1 1 870 875 1992
1313 2 2 1 1 294 233 1600
1314 2 2 1 1 1396 1397 2132
1315 2 2 1 1 1921 900 1937
1316 2 2 1 1 1425 2042 2361
1317 2 2 1 1 911 1779 2112
1318 2 2 1 1 1081 1846 1848
1319 2 2 1 1 2085 1392 2245
1320 2 2 1 1 1869 1866 1871
1321 2 2 1 1 1345 1269 1801
1322 2 2 1 1 703 1784 2090
1323 2 2 1 1 1865 1860 1870
1324 2 2 1 1 1514 1361 1546
1325 2 2 1 1 1992 875 1993
1326 2 2 1 1 1232 1798 2095
1327 2 2 1 1 2357 765 2358
1328 2 2 1 1 2137 1402 2301
1329 2 2 1 1 408 411 2316
1330 2 2 1 1 369 371 2200
1331 2 2 1 1 997 547 1962
1332 2 2 1 1 1174 1172 1361
1333 2 2 1 1 1199 1198 1994
1334 2 2 1 1 1551 1210 1943
1335 2 2 1 1 1541 1369 1984
1336 2 2 1 1 2350 661 2355
1337 2 2 1 1 513 500 2205
1338 2 2 1 1 1986 1989 2108
1339 2 2 1 1 1416 1417 2451
1340 2 2 1 1 1900 1899 1901
1341 2 2 1 1 1057 1112 2101
1342 2 2 1 1 1792 585 1793
1343 2 2 1 1 939 2360 2363
1344 2 2 1 1 1866 1865 1871
1345 2 2 1 1 1813 1814 2307
1346 2 2 1 1 1198 1992 1993
1347 2 2 1 1 1196 976 1819
1348 2 2 1 1 1983 1772 2159
1349 2 2 1 1 352 525 1804
1350 2 2 1 1 437 703 2090
1351 2 2 1 1 431 1232 2095
1352 2 2 1 1 1412 2125 2186
1353 2 2 1 1 1525 1314 1527
1354 2 2 1 1 585 2538 2540
1355 2 2 1 1 1953 1957 2058
1356 2 2 1 1 562 585 1792
1357 2 2 1 1 1063 1073 1791
1358 2 2 1 1 1338 1994 1995
1359 2 2 1 1 827 860 1818
1360 2 2 1 1 1952 1953 2058
1361 2 2 1 1 976 889 1819
1362 2 2 1 1 2315 665 2326
1363 2 2 1 1 1310 1325 2028
1364 2 2 1 1 1303 1308 2041
1365 2 2 1 1 1174 1361 1514
1366 2 2 1 1 1808 546 1809
1367 2 2 1 1 1301 2040 2053
1368 2 2 1 1 1819 928 2272
1369 2 2 1 1 1002 1977 2021
1370 2 2 1 1 1168 1593 2045
1371 2 2 1 1 1797 1205 1822
1372 2 2 1 1 1091 1133 1800
1373 2 2 1 1 1982 1983 2159
1374 2 2 1 1 1396 2106 2229
1375 2 2 1 1 1327 1351 2017
1376 2 2 1 1 1933 1103 1934
1377 2 2 1 1 544 553 1815
1378 2 2 1 1 943 2369 2376
1379 2 2 1 1 1575 2338 2341
1380 2 2 1 1 1369 1772 1984
1381 2 2 1 1 1924 1921 1937
1382 2 2 1 1 1308 2027 2041
1383 2 2 1 1 1411 2147 2268
1384 2 2 1 1 542 546 1808
1385 2 2 1 1 892 958 1983
1386 2 2 1 1 2124 1398 2241
1387 2 2 1 1 1169 980 2104
1388 2 2 1 1 1035 1037 1827
1389 2 2 1 1 2119 1981 2190
1390 2 2 1 1 1079 1979 2339
1391 2 2 1 1 1898 1899 1900
1392 2 2 1 1 1139 1140 1806
1393 2 2 1 1 1413 1818 2105
1394 2 2 1 1 1179 1530 1820
1395 2 2 1 1 1858 1859 2011
1396 2 2 1 1 1353 1547 2035
1397 2 2 1 1 612 668 2173
1398 2 2 1 1 1127 2119 2190
1399 2 2 1 1 1859 1863 2011
1400 2 2 1 1 334 335 336
1401 2 2 1 1 1122 1823 1824
1402 2 2 1 1 922 921 2012
1403 2 2 1 1 480 2020 2133
1404 2 2 1 1 1354 1353 2035
1405 2 2 1 1 1887 1891 1898
1406 2 2 1 1 1325 2016 2028
1407 2 2 1 1 1858 884 1859
1408 2 2 1 1 470 472 1917
1409 2 2 1 1 1084 1049 2107
1410 2 2 1 1 2096 421 2242
1411 2 2 1 1 921 1209 2012
1412 2 2 1 1 2120 1252 2258
1413 2 2 1 1 1876 885 1877
1414 2 2 1 1 1314 1312 1777
1415 2 2 1 1 490 510 2109
1416 2 2 1 1 338 340 591
1417 2 2 1 1 942 1902 2401
1418 2 2 1 1 1931 1929 1932
1419 2 2 1 1 505 1886 1898
1420 2 2 1 1 1182 1820 1821
1421 2 2 1 1 1112 1336 2101
1422 2 2 1 1 2056 2055 2058
1423 2 2 1 1 512 448 2138
1424 2 2 1 1 2075 2120 2258
1425 2 2 1 1 1133 2012 2175
1426 2 2 1 1 434 437 2090
1427 2 2 1 1 1877 1881 2037
1428 2 2 1 1 594 896 897
1429 2 2 1 1 1796 1284 2347
1430 2 2 1 1 1876 1877 2037
1431 2 2 1 1 959 2000 2114
1432 2 2 1 1 1452 1113 2018
1433 2 2 1 1 1869 1871 1872
1434 2 2 1 1 494 884 1858
1435 2 2 1 1 516 515 1938
1436 2 2 1 1 695 694 1969
1437 2 2 1 1 727 1946 1947
1438 2 2 1 1 355 1002 2092
1439 2 2 1 1 1204 452 2123
1440 2 2 1 1 428 431 2095
1441 2 2 1 1 1504 2248 2274
1442 2 2 1 1 1840 1084 2107
1443 2 2 1 1 1113 1059 2018
1444 2 2 1 1 730 1418 1944
1445 2 2 1 1 1886 1887 1898
1446 2 2 1 1 1349 2051 2052
1447 2 2 1 1 1804 525 2140
1448 2 2 1 1 1820 1530 1821
1449 2 2 1 1 1952 514 1953
1450 2 2 1 1 1122 1039 1823
1451 2 2 1 1 516 1938 1940
1452 2 2 1 1 1409 1980 2119
1453 2 2 1 1 486 885 1876
1454 2 2 1 1 2050 1291 2053
1455 2 2 1 1 1380 1950 2249
1456 2 2 1 1 727 721 1946
1457 2 2 1 1 884 496 1870
1458 2 2 1 1 232 233 294
1459 2 2 1 1 166 167 295
1460 2 2 1 1 1529 1165 1949
1461 2 2 1 1 1197 605 2073
1462 2 2 1 1 505 474 1886
1463 2 2 1 1 380 1970 1971
1464 2 2 1 1 978 983 1172
1465 2 2 1 1 2430 1830 2433
1466 2 2 1 1 1766 765 2357
1467 2 2 1 1 1974 1971 2055
1468 2 2 1 1 562 584 585
1469 2 2 1 1 1971 1970 2055
1470 2 2 1 1 1146 1091 1800
1471 2 2 1 1 418 421 2096
1472 2 2 1 1 713 717 1981
1473 2 2 1 1 1002 357 2110
1474 2 2 1 1 1291 1294 2053
1475 2 2 1 1 1784 705 2125
1476 2 2 1 1 558 1795 1796
1477 2 2 1 1 1897 1881 2426
1478 2 2 1 1 1458 1107 2074
1479 2 2 1 1 1409 709 1980
1480 2 2 1 1 1982 738 1983
1481 2 2 1 1 738 892 1983
1482 2 2 1 1 1941 1922 1942
1483 2 2 1 1 2248 820 2274
1484 2 2 1 1 1722 1721 1724
1485 2 2 1 1 1829 1828 1830
1486 2 2 1 1 1349 1275 2051
1487 2 2 1 1 367 514 1952
1488 2 2 1 1 1682 1683 1685
1489 2 2 1 1 1938 1939 1940
1490 2 2 1 1 987 1179 1820
1491 2 2 1 1 533 548 1817
1492 2 2 1 1 557 562 1792
1493 2 2 1 1 1367 1242 1965
1494 2 2 1 1 1898 1891 1899
1495 2 2 1 1 1161 1168 2045
1496 2 2 1 1 371 2089 2200
1497 2 2 1 1 1271 1475 1801
1498 2 2 1 1 1920 900 1921
1499 2 2 1 1 344 346 558
1500 2 2 1 1 1833 1119 1834
1501 2 2 1 1 1854 1852 1855
1502 2 2 1 1 1611 1612 1613
1503 2 2 1 1 1985 1085 1986
1504 2 2 1 1 1839 1084 1840
1505 2 2 1 1 1424 2043 2343
1506 2 2 1 1 1246 2070 2071
1507 2 2 1 1 872 870 1992
1508 2 2 1 1 1269 1271 1801
1509 2 2 1 1 2007 1576 2008
1510 2 2 1 1 389 770 1822
1511 2 2 1 1 1644 1645 1659
1512 2 2 1 1 2326 665 2332
1513 2 2 1 1 1776 1197 2073
1514 2 2 1 1 558 346 1795
1515 2 2 1 1 1289 1291 2050
1516 2 2 1 1 1495 1160 1996
1517 2 2 1 1 829 827 1818
1518 2 2 1 1 380 361 1970
1519 2 2 1 1 1776 1000 2223
1520 2 2 1 1 1130 1804 1805
1521 2 2 1 1 716 738 1982
1522 2 2 1 1 511 458 2076
1523 2 2 1 1 964 1941 1943
1524 2 2 1 1 1204 1785 2257
1525 2 2 1 1 1331 1314 1525
1526 2 2 1 1 1422 2264 2290
1527 2 2 1 1 2067 1699 2087
1528 2 2 1 1 346 348 1795
1529 2 2 1 1 1843 1832 1844
1530 2 2 1 1 1091 1008 1133
1531 2 2 1 1 956 1139 2100
1532 2 2 1 1 891 1944 2104
1533 2 2 1 1 1920 1922 1941
1534 2 2 1 1 1494 1167 2066
1535 2 2 1 1 1235 1233 2214
1536 2 2 1 1 1135 1183 1991
1537 2 2 1 1 1216 1524 2044
1538 2 2 1 1 1271 1474 1475
1539 2 2 1 1 803 805 2176
1540 2 2 1 1 1360 1350 1542
1541 2 2 1 1 1515 1514 1582
1542 2 2 1 1 2113 752 2322
1543 2 2 1 1 1233 904 2126
1544 2 2 1 1 1226 511 2076
1545 2 2 1 1 1566 1576 2007
1546 2 2 1 1 1268 1269 1345
1547 2 2 1 1 1901 1899 1902
1548 2 2 1 1 2047 1292 2048
1549 2 2 1 1 1143 1350 1360
1550 2 2 1 1 1151 1268 1377
1551 2 2 1 1 1453 1235 1773
1552 2 2 1 1 415 974 2102
1553 2 2 1 1 270 170 1601
1554 2 2 1 1 229 271 1604
1555 2 2 1 1 1823 1119 1833
1556 2 2 1 1 1053 1085 1985
1557 2 2 1 1 336 337 338
1558 2 2 1 1 1130 350 1804
1559 2 2 1 1 900 901 1937
1560 2 2 1 1 1008 922 2012
1561 2 2 1 1 896 902 978
1562 2 2 1 1 2064 1367 2065
1563 2 2 1 1 2310 1284 2319
1564 2 2 1 1 421 422 1990
1565 2 2 1 1 1859 884 1860
1566 2 2 1 1 1215 907 2024
1567 2 2 1 1 700 900 1920
1568 2 2 1 1 350 352 1804
1569 2 2 1 1 1246 769 2070
1570 2 2 1 1 386 389 1822
1571 2 2 1 1 974 1214 2102
1572 2 2 1 1 1946 1409 1948
1573 2 2 1 1 1431 1266 2285
1574 2 2 1 1 964 1943 1969
1575 2 2 1 1 1878 885 2109
1576 2 2 1 1 818 814 2010
1577 2 2 1 1 2149 1226 2317
1578 2 2 1 1 731 730 1944
1579 2 2 1 1 761 760 1998
1580 2 2 1 1 1371 1210 1550
1581 2 2 1 1 676 962 2079
1582 2 2 1 1 1987 1085 2101
1583 2 2 1 1 482 506 2020
1584 2 2 1 1 711 713 1981
1585 2 2 1 1 867 864 2082
1586 2 2 1 1 1111 1348 2087
1587 2 2 1 1 533 547 548
1588 2 2 1 1 561 583 2059
1589 2 2 1 1 1883 1878 2109
1590 2 2 1 1 1348 1709 2087
1591 2 2 1 1 1974 2055 2056
1592 2 2 1 1 552 541 690
1593 2 2 1 1 1527 1314 1777
1594 2 2 1 1 1927 1104 1928
1595 2 2 1 1 1181 1113 1341
1596 2 2 1 1 637 660 2029
1597 2 2 1 1 378 379 2088
1598 2 2 1 1 1700 1582 1701
1599 2 2 1 1 340 342 2372
1600 2 2 1 1 1869 1872 1873
1601 2 2 1 1 1324 1327 2017
1602 2 2 1 1 2107 1985 2108
1603 2 2 1 1 2280 840 2321
1604 2 2 1 1 1087 1216 2044
1605 2 2 1 1 1307 1310 2028
1606 2 2 1 1 1955 1960 2019
1607 2 2 1 1 1112 1059 1113
1608 2 2 1 1 229 230 271
1609 2 2 1 1 169 170 270
1610 2 2 1 1 1213 934 2103
1611 2 2 1 1 1055 1057 2101
1612 2 2 1 1 643 664 2036
1613 2 2 1 1 673 676 2079
1614 2 2 1 1 1792 1793 1794
1615 2 2 1 1 525 526 530
1616 2 2 1 1 631 659 2042
1617 2 2 1 1 625 661 2043
1618 2 2 1 1 1313 1312 1314
1619 2 2 1 1 691 690 692
1620 2 2 1 1 1209 1203 1210
1621 2 2 1 1 785 786 2046
1622 2 2 1 1 1173 1483 1484
1623 2 2 1 1 380 1972 2110
1624 2 2 1 1 1279 1292 2047
1625 2 2 1 1 1833 1834 1835
1626 2 2 1 1 1972 1977 2110
1627 2 2 1 1 1920 1921 1922
1628 2 2 1 1 340 341 342
1629 2 2 1 1 2352 597 2353
1630 2 2 1 1 1839 1840 1841
1631 2 2 1 1 619 665 2054
1632 2 2 1 1 1300 1303 2041
1633 2 2 1 1 530 531 541
1634 2 2 1 1 1181 1385 2078
1635 2 2 1 1 1859 1860 1861
1636 2 2 1 1 1809 546 1810
1637 2 2 1 1 541 542 1808
1638 2 2 1 1 693 692 694
1639 2 2 1 1 1151 1152 1268
1640 2 2 1 1 348 350 1130
1641 2 2 1 1 1371 1550 1597
1642 2 2 1 1 1135 1126 1183
1643 2 2 1 1 977 976 1126
1644 2 2 1 1 1125 1282 2013
1645 2 2 1 1 1240 1367 2064
1646 2 2 1 1 1132 1287 2030
1647 2 2 1 1 338 339 340
1648 2 2 1 1 889 883 1819
1649 2 2 1 1 899 889 976
1650 2 2 1 1 1209 1210 1371
1651 2 2 1 1 1848 1846 1849
1652 2 2 1 1 934 826 2103
1653 2 2 1 1 1809 1810 1811
1654 2 2 1 1 769 677 2070
1655 2 2 1 1 1944 1418 2104
1656 2 2 1 1 1181 1341 1385
1657 2 2 1 1 1671 1670 1672
1658 2 2 1 1 592 917 2060
1659 2 2 1 1 649 669 2068
1660 2 2 1 1 523 533 1817
1661 2 2 1 1 1986 1085 1987
1662 2 2 1 1 1900 1903 1917
1663 2 2 1 1 1669 1668 1670
1664 2 2 1 1 1986 1987 1988
1665 2 2 1 1 1201 1338 1945
1666 2 2 1 1 1342 1135 1991
1667 2 2 1 1 1572 1581 2061
1668 2 2 1 1 1140 1143 1806
1669 2 2 1 1 1818 860 2105
1670 2 2 1 1 932 2351 2354
1671 2 2 1 1 1057 1059 1112
1672 2 2 1 1 1861 1860 1862
1673 2 2 1 1 921 695 1203
1674 2 2 1 1 1112 1113 1181
1675 2 2 1 1 352 377 525
1676 2 2 1 1 1892 2020 2169
1677 2 2 1 1 1357 1354 2035
1678 2 2 1 1 709 708 1980
1679 2 2 1 1 1779 688 2099
1680 2 2 1 1 1877 885 1878
1681 2 2 1 1 1119 1043 1836
1682 2 2 1 1 515 523 1938
1683 2 2 1 1 1143 1144 1350
1684 2 2 1 1 721 719 1946
1685 2 2 1 1 525 377 526
1686 2 2 1 1 1752 1751 2372
1687 2 2 1 1 2056 1957 2376
1688 2 2 1 1 1247 803 2176
1689 2 2 1 1 1922 1921 1923
1690 2 2 1 1 552 690 691
1691 2 2 1 1 977 1126 1135
1692 2 2 1 1 1877 1878 1879
1693 2 2 1 1 770 1797 1822
1694 2 2 1 1 575 597 2062
1695 2 2 1 1 693 694 695
1696 2 2 1 1 835 837 2075
1697 2 2 1 1 930 1198 1199
1698 2 2 1 1 960 1222 2111
1699 2 2 1 1 691 692 693
1700 2 2 1 1 1165 1163 1949
1701 2 2 1 1 1825 1824 1826
1702 2 2 1 1 498 499 500
1703 2 2 1 1 1824 1823 1833
1704 2 2 1 1 1122 1824 1825
1705 2 2 1 1 2014 1324 2017
1706 2 2 1 1 964 700 1920
1707 2 2 1 1 1057 1058 1059
1708 2 2 1 1 492 494 1858
1709 2 2 1 1 500 501 502
1710 2 2 1 1 1806 1360 1807
1711 2 2 1 1 694 697 698
1712 2 2 1 1 311 1667 1668
1713 2 2 1 1 605 604 2073
1714 2 2 1 1 496 497 498
1715 2 2 1 1 1158 1545 2074
1716 2 2 1 1 1107 1105 2074
1717 2 2 1 1 1227 2079 2158
1718 2 2 1 1 899 976 977
1719 2 2 1 1 995 1125 1192
1720 2 2 1 1 688 685 2099
1721 2 2 1 1 935 1413 1414
1722 2 2 1 1 1867 1866 1868
1723 2 2 1 1 1160 1159 1996
1724 2 2 1 1 505 1898 1900
1725 2 2 1 1 1225 777 2117
1726 2 2 1 1 860 934 995
1727 2 2 1 1 1622 2005 2006
1728 2 2 1 1 1974 2056 2057
1729 2 2 1 1 791 916 1997
1730 2 2 1 1 1811 1812 1813
1731 2 2 1 1 1388 1389 2112
1732 2 2 1 1 1337 1201 1437
1733 2 2 1 1 1558 2093 2094
1734 2 2 1 1 380 1971 1972
1735 2 2 1 1 1183 1963 1964
1736 2 2 1 1 1133 1008 2012
1737 2 2 1 1 530 541 552
1738 2 2 1 1 1490 1735 1736
1739 2 2 1 1 1266 940 2255
1740 2 2 1 1 1972 1971 1973
1741 2 2 1 1 964 1920 1941
1742 2 2 1 1 907 781 2024
1743 2 2 1 1 1200 1199 1201
1744 2 2 1 1 2025 1307 2028
1745 2 2 1 1 877 876 930
1746 2 2 1 1 1475 1474 1476
1747 2 2 1 1 698 700 964
1748 2 2 1 1 767 2173 2216
1749 2 2 1 1 510 1858 2011
1750 2 2 1 1 310 1679 1691
1751 2 2 1 1 1192 1125 2013
1752 2 2 1 1 498 497 499
1753 2 2 1 1 770 777 778
1754 2 2 1 1 1053 1055 1085
1755 2 2 1 1 995 934 1125
1756 2 2 1 1 998 1388 2115
1757 2 2 1 1 740 960 2111
1758 2 2 1 1 2099 795 2115
1759 2 2 1 1 500 499 501
1760 2 2 1 1 502 501 503
1761 2 2 1 1 502 503 504
1762 2 2 1 1 1490 1488 1735
1763 2 2 1 1 883 881 928
1764 2 2 1 1 1829 1830 1831
1765 2 2 1 1 936 810 2077
1766 2 2 1 1 1704 1347 2114
1767 2 2 1 1 1060 1449 2018
1768 2 2 1 1 599 511 600
1769 2 2 1 1 1073 1151 1791
1770 2 2 1 1 342 343 344
1771 2 2 1 1 1218 1197 1219
1772 2 2 1 1 1613 1612 1614
1773 2 2 1 1 1195 1856 1857
1774 2 2 1 1 1318 2367 2370
1775 2 2 1 1 1862 1866 1867
1776 2 2 1 1 504 507 508
1777 2 2 1 1 766 773 774
1778 2 2 1 1 1953 1954 1955
1779 2 2 1 1 1787 1391 1788
1780 2 2 1 1 1887 1888 1889
1781 2 2 1 1 1051 1053 1985
1782 2 2 1 1 1891 1889 1896
1783 2 2 1 1 777 391 2117
1784 2 2 1 1 613 611 767
1785 2 2 1 1 601 600 602
1786 2 2 1 1 771 1205 1206
1787 2 2 1 1 1980 711 1981
1788 2 2 1 1 1953 514 1954
1789 2 2 1 1 603 602 604
1790 2 2 1 1 707 706 708
1791 2 2 1 1 705 704 706
1792 2 2 1 1 1886 947 1887
1793 2 2 1 1 2038 1300 2041
1794 2 2 1 1 768 767 914
1795 2 2 1 1 508 507 515
1796 2 2 1 1 1232 1212 1412
1797 2 2 1 1 703 518 704
1798 2 2 1 1 336 335 337
1799 2 2 1 1 1124 1123 1267
1800 2 2 1 1 171 172 313
1801 2 2 1 1 227 228 300
1802 2 2 1 1 698 699 700
1803 2 2 1 1 856 855 986
1804 2 2 1 1 987 986 1179
1805 2 2 1 1 1881 1879 1882
1806 2 2 1 1 894 998 2115
1807 2 2 1 1 1880 1884 1885
1808 2 2 1 1 915 914 1105
1809 2 2 1 1 1132 1117 1287
1810 2 2 1 1 717 715 855
1811 2 2 1 1 504 503 507
1812 2 2 1 1 506 1876 2037
1813 2 2 1 1 530 526 531
1814 2 2 1 1 921 1203 1209
1815 2 2 1 1 1644 1659 1660
1816 2 2 1 1 998 979 1159
1817 2 2 1 1 1614 1616 1622
1818 2 2 1 1 1073 1149 1151
1819 2 2 1 1 344 345 346
1820 2 2 1 1 860 826 934
1821 2 2 1 1 1459 1458 1531
1822 2 2 1 1 1805 2310 2319
1823 2 2 1 1 974 973 1117
1824 2 2 1 1 541 531 542
1825 2 2 1 1 1126 1196 1963
1826 2 2 1 1 1363 1362 1548
1827 2 2 1 1 974 1117 1132
1828 2 2 1 1 548 547 997
1829 2 2 1 1 935 861 1413
1830 2 2 1 1 1308 2025 2026
1831 2 2 1 1 1060 1063 1449
1832 2 2 1 1 957 959 2114
1833 2 2 1 1 1047 1049 1084
1834 2 2 1 1 1301 2038 2039
1835 2 2 1 1 1616 1618 2005
1836 2 2 1 1 1325 2014 2015
1837 2 2 1 1 1975 1973 1976
1838 2 2 1 1 837 1012 2075
1839 2 2 1 1 1161 980 1168
1840 2 2 1 1 766 560 773
1841 2 2 1 1 1347 990 2114
1842 2 2 1 1 960 891 980
1843 2 2 1 1 690 541 1808
1844 2 2 1 1 599 1785 2123
1845 2 2 1 1 1593 1457 1596
1846 2 2 1 1 494 496 884
1847 2 2 1 1 542 544 546
1848 2 2 1 1 1811 1810 1812
1849 2 2 1 1 1416 1414 1417
1850 2 2 1 1 778 777 1120
1851 2 2 1 1 1863 1861 1864
1852 2 2 1 1 1955 1956 1960
1853 2 2 1 1 770 391 777
1854 2 2 1 1 1669 1670 1671
1855 2 2 1 1 1348 1703 1705
1856 2 2 1 1 662 912 2091
1857 2 2 1 1 1059 1060 2018
1858 2 2 1 1 508 515 516
1859 2 2 1 1 389 391 770
1860 2 2 1 1 2000 2001 2004
1861 2 2 1 1 1186 605 1197
1862 2 2 1 1 1041 1043 1119
1863 2 2 1 1 1879 1878 1880
1864 2 2 1 1 930 876 1198
1865 2 2 1 1 1322 1324 2014
1866 2 2 1 1 484 486 1876
1867 2 2 1 1 960 980 1161
1868 2 2 1 1 457 458 511
1869 2 2 1 1 609 610 611
1870 2 2 1 1 457 599 2123
1871 2 2 1 1 1970 859 2055
1872 2 2 1 1 1957 1955 2019
1873 2 2 1 1 2264 668 2290
1874 2 2 1 1 1120 1315 1317
1875 2 2 1 1 604 606 607
1876 2 2 1 1 486 488 885
1877 2 2 1 1 607 608 609
1878 2 2 1 1 1220 1132 2030
1879 2 2 1 1 1415 1414 1416
1880 2 2 1 1 719 709 1409
1881 2 2 1 1 1351 2031 2032
1882 2 2 1 1 859 1952 2058
1883 2 2 1 1 385 386 1822
1884 2 2 1 1 707 708 709
1885 2 2 1 1 705 706 707
1886 2 2 1 1 1158 1167 1494
1887 2 2 1 1 1105 1106 1158
1888 2 2 1 1 703 704 705
1889 2 2 1 1 1111 1347 1348
1890 2 2 1 1 740 891 960
1891 2 2 1 1 1037 1039 1122
1892 2 2 1 1 730 764 1418
1893 2 2 1 1 2022 1978 2023
1894 2 2 1 1 862 861 935
1895 2 2 1 1 1206 1205 1320
1896 2 2 1 1 1910 1908 1915
1897 2 2 1 1 719 1409 1946
1898 2 2 1 1 1558 1559 2093
1899 2 2 1 1 1365 1543 1544
1900 2 2 1 1 1840 2107 2108
1901 2 2 1 1 383 385 771
1902 2 2 1 1 480 482 2020
1903 2 2 1 1 1906 1904 1914
1904 2 2 1 1 1890 1893 1894
1905 2 2 1 1 1329 1332 2031
1906 2 2 1 1 1033 1035 1082
1907 2 2 1 1 490 492 510
1908 2 2 1 1 510 492 1858
1909 2 2 1 1 723 721 727
1910 2 2 1 1 1762 1763 1770
1911 2 2 1 1 874 872 876
1912 2 2 1 1 1927 1928 1930
1913 2 2 1 1 1012 1286 2075
1914 2 2 1 1 1031 1033 1843
1915 2 2 1 1 730 728 764
1916 2 2 1 1 264 226 1605
1917 2 2 1 1 415 973 974
1918 2 2 1 1 482 484 506
1919 2 2 1 1 1185 1107 1458
1920 2 2 1 1 476 478 947
1921 2 2 1 1 1159 1450 1996
1922 2 2 1 1 1938 1817 1939
1923 2 2 1 1 771 385 1205
1924 2 2 1 1 1201 1199 1338
1925 2 2 1 1 311 1668 1669
1926 2 2 1 1 2000 1999 2001
1927 2 2 1 1 1353 1165 1529
1928 2 2 1 1 1769 1816 2112
1929 2 2 1 1 959 1999 2000
1930 2 2 1 1 1353 1529 1547
1931 2 2 1 1 1163 1096 1182
1932 2 2 1 1 875 868 2097
1933 2 2 1 1 1923 1925 1926
1934 2 2 1 1 546 544 1815
1935 2 2 1 1 700 701 900
1936 2 2 1 1 425 1123 1124
1937 2 2 1 1 856 986 987
1938 2 2 1 1 1585 1359 1586
1939 2 2 1 1 740 736 891
1940 2 2 1 1 641 643 2036
1941 2 2 1 1 717 855 856
1942 2 2 1 1 1437 1201 1945
1943 2 2 1 1 1039 1041 1823
1944 2 2 1 1 1027 1029 1081
1945 2 2 1 1 637 639 660
1946 2 2 1 1 883 928 1819
1947 2 2 1 1 635 637 2029
1948 2 2 1 1 1862 1865 1866
1949 2 2 1 1 1348 1347 1703
1950 2 2 1 1 1305 1307 2025
1951 2 2 1 1 894 979 998
1952 2 2 1 1 708 711 1980
1953 2 2 1 1 1672 1670 1673
1954 2 2 1 1 1365 1223 1543
1955 2 2 1 1 1163 1182 1949
1956 2 2 1 1 1168 1457 1593
1957 2 2 1 1 599 600 601
1958 2 2 1 1 2080 1381 2081
1959 2 2 1 1 431 1212 1232
1960 2 2 1 1 1186 1197 1218
1961 2 2 1 1 601 602 603
1962 2 2 1 1 1193 1192 1433
1963 2 2 1 1 1079 1134 1951
1964 2 2 1 1 1192 2013 2135
1965 2 2 1 1 868 867 2097
1966 2 2 1 1 603 604 605
1967 2 2 1 1 472 474 505
1968 2 2 1 1 437 518 703
1969 2 2 1 1 1363 1765 2127
1970 2 2 1 1 1310 1322 1325
1971 2 2 1 1 1972 1973 1975
1972 2 2 1 1 553 560 766
1973 2 2 1 1 468 470 858
1974 2 2 1 1 1098 1099 1362
1975 2 2 1 1 708 710 711
1976 2 2 1 1 1303 1305 1308
1977 2 2 1 1 827 826 860
1978 2 2 1 1 870 868 875
1979 2 2 1 1 458 460 2076
1980 2 2 1 1 2388 1960 2394
1981 2 2 1 1 1211 1206 1737
1982 2 2 1 1 919 923 1098
1983 2 2 1 1 643 645 664
1984 2 2 1 1 474 476 1886
1985 2 2 1 1 629 631 2042
1986 2 2 1 1 1021 1023 1077
1987 2 2 1 1 631 633 659
1988 2 2 1 1 1496 1495 1528
1989 2 2 1 1 998 1159 1160
1990 2 2 1 1 1540 1468 1583
1991 2 2 1 1 457 511 599
1992 2 2 1 1 789 791 991
1993 2 2 1 1 1914 2402 2408
1994 2 2 1 1 892 893 919
1995 2 2 1 1 711 712 713
1996 2 2 1 1 625 627 661
1997 2 2 1 1 1179 1194 1368
1998 2 2 1 1 713 714 715
1999 2 2 1 1 530 552 2140
2000 2 2 1 1 915 1105 1107
2001 2 2 1 1 373 375 521
2002 2 2 1 1 713 715 717
2003 2 2 1 1 613 767 768
2004 2 2 1 1 498 500 513
2005 2 2 1 1 1294 1298 1301
2006 2 2 1 1 1179 1368 1530
2007 2 2 1 1 623 625 2043
2008 2 2 1 1 738 739 892
2009 2 2 1 1 957 886 959
2010 2 2 1 1 2048 1292 2049
2011 2 2 1 1 488 490 2109
2012 2 2 1 1 958 919 2127
2013 2 2 1 1 969 971 1104
2014 2 2 1 1 647 649 2068
2015 2 2 1 1 464 466 509
2016 2 2 1 1 1016 1018 1195
2017 2 2 1 1 1098 1363 2127
2018 2 2 1 1 1363 1548 1549
2019 2 2 1 1 768 914 915
2020 2 2 1 1 437 438 518
2021 2 2 1 1 1368 1369 1456
2022 2 2 1 1 1298 1300 2038
2023 2 2 1 1 991 791 1997
2024 2 2 1 1 1787 1788 1789
2025 2 2 1 1 557 559 562
2026 2 2 1 1 1279 1289 1292
2027 2 2 1 1 1277 1279 2047
2028 2 2 1 1 1167 1208 2066
2029 2 2 1 1 1111 990 1347
2030 2 2 1 1 1622 1616 2005
2031 2 2 1 1 1242 1244 1965
2032 2 2 1 1 460 462 999
2033 2 2 1 1 613 1000 2128
2034 2 2 1 1 619 621 665
2035 2 2 1 1 1389 1160 1495
2036 2 2 1 1 617 619 2054
2037 2 2 1 1 1185 1458 1459
2038 2 2 1 1 1844 1832 1845
2039 2 2 1 1 1012 1014 1286
2040 2 2 1 1 1376 1375 1584
2041 2 2 1 1 1275 1277 2051
2042 2 2 1 1 1055 1056 1057
2043 2 2 1 1 609 611 613
2044 2 2 1 1 592 595 917
2045 2 2 1 1 431 432 1212
2046 2 2 1 1 1327 1329 1351
2047 2 2 1 1 612 615 668
2048 2 2 1 1 363 365 859
2049 2 2 1 1 993 1191 2098
2050 2 2 1 1 892 919 958
2051 2 2 1 1 1098 1362 1363
2052 2 2 1 1 1105 1158 2074
2053 2 2 1 1 1244 1275 1349
2054 2 2 1 1 1092 1091 1146
2055 2 2 1 1 586 592 2060
2056 2 2 1 1 609 613 2128
2057 2 2 1 1 365 367 1952
2058 2 2 1 1 1268 1152 1269
2059 2 2 1 1 1717 1715 1723
2060 2 2 1 1 361 363 1970
2061 2 2 1 1 2073 607 2128
2062 2 2 1 1 367 369 514
2063 2 2 1 1 1033 1082 1843
2064 2 2 1 1 1572 1578 1581
2065 2 2 1 1 1267 1798 1799
2066 2 2 1 1 454 456 457
2067 2 2 1 1 866 864 867
2068 2 2 1 1 1208 1240 2064
2069 2 2 1 1 774 773 775
2070 2 2 1 1 1240 1242 1367
2071 2 2 1 1 523 1817 1938
2072 2 2 1 1 450 452 1204
2073 2 2 1 1 1158 1494 1545
2074 2 2 1 1 425 426 1123
2075 2 2 1 1 1087 1215 1216
2076 2 2 1 1 604 607 2073
2077 2 2 1 1 346 347 348
2078 2 2 1 1 1296 1266 1431
2079 2 2 1 1 1813 1812 1814
2080 2 2 1 1 506 484 1876
2081 2 2 1 1 1923 1924 1925
2082 2 2 1 1 1524 1523 1595
2083 2 2 1 1 894 895 979
2084 2 2 1 1 649 651 669
2085 2 2 1 1 1947 1946 1948
2086 2 2 1 1 438 440 2086
2087 2 2 1 1 1889 1888 1890
2088 2 2 1 1 1236 1235 1453
2089 2 2 1 1 1325 1322 2014
2090 2 2 1 1 1887 947 1888
2091 2 2 1 1 446 448 512
2092 2 2 1 1 460 999 2076
2093 2 2 1 1 1570 1572 2061
2094 2 2 1 1 969 970 971
2095 2 2 1 1 1422 2054 2315
2096 2 2 1 1 1159 1237 1450
2097 2 2 1 1 1716 1715 1717
2098 2 2 1 1 1208 2064 2066
2099 2 2 1 1 353 355 2092
2100 2 2 1 1 1887 1889 1891
2101 2 2 1 1 1126 976 1196
2102 2 2 1 1 1894 1893 1895
2103 2 2 1 1 1041 1119 1823
2104 2 2 1 1 1200 1201 1337
2105 2 2 1 1 1955 1954 1956
2106 2 2 1 1 579 581 765
2107 2 2 1 1 1216 1217 1523
2108 2 2 1 1 989 957 990
2109 2 2 1 1 653 655 702
2110 2 2 1 1 1550 1210 1551
2111 2 2 1 1 1812 1810 2069
2112 2 2 1 1 1416 2451 2457
2113 2 2 1 1 887 886 957
2114 2 2 1 1 1351 1329 2031
2115 2 2 1 1 1714 1699 1715
2116 2 2 1 1 1183 1126 1963
2117 2 2 1 1 852 1078 1079
2118 2 2 1 1 930 1199 1200
2119 2 2 1 1 1489 1488 1490
2120 2 2 1 1 575 577 597
2121 2 2 1 1 689 688 911
2122 2 2 1 1 1049 1051 2107
2123 2 2 1 1 359 361 380
2124 2 2 1 1 415 416 973
2125 2 2 1 1 1110 990 1111
2126 2 2 1 1 442 444 445
2127 2 2 1 1 1308 1305 2025
2128 2 2 1 1 795 796 894
2129 2 2 1 1 350 351 352
2130 2 2 1 1 476 947 1886
2131 2 2 1 1 348 349 350
2132 2 2 1 1 1683 1686 1687
2133 2 2 1 1 1125 1213 1282
2134 2 2 1 1 352 353 377
2135 2 2 1 1 831 829 861
2136 2 2 1 1 1168 1169 1457
2137 2 2 1 1 1341 1113 1452
2138 2 2 1 1 984 907 1087
2139 2 2 1 1 716 733 738
2140 2 2 1 1 1771 1433 2072
2141 2 2 1 1 573 575 2062
2142 2 2 1 1 1244 1349 1965
2143 2 2 1 1 1277 2047 2051
2144 2 2 1 1 357 359 2110
2145 2 2 1 1 935 1415 2082
2146 2 2 1 1 694 692 697
2147 2 2 1 1 1282 1283 1383
2148 2 2 1 1 1873 1872 1874
2149 2 2 1 1 1389 1495 1496
2150 2 2 1 1 355 357 1002
2151 2 2 1 1 910 775 2129
2152 2 2 1 1 1174 1514 1515
2153 2 2 1 1 1234 1233 1235
2154 2 2 1 1 1888 947 2133
2155 2 2 1 1 1566 1568 1576
2156 2 2 1 1 1214 1132 1220
2157 2 2 1 1 1877 1879 1881
2158 2 2 1 1 1334 1480 1501
2159 2 2 1 1 1176 1455 2083
2160 2 2 1 1 1564 1566 2007
2161 2 2 1 1 1375 1095 2044
2162 2 2 1 1 434 436 437
2163 2 2 1 1 1037 1122 1827
2164 2 2 1 1 1301 1298 2038
2165 2 2 1 1 379 383 2088
2166 2 2 1 1 715 716 1982
2167 2 2 1 1 847 849 1131
2168 2 2 1 1 687 685 688
2169 2 2 1 1 1953 1955 1957
2170 2 2 1 1 1301 2039 2040
2171 2 2 1 1 1221 1220 1435
2172 2 2 1 1 1912 1910 2415
2173 2 2 1 1 432 434 2090
2174 2 2 1 1 412 415 2102
2175 2 2 1 1 901 968 969
2176 2 2 1 1 771 1211 2088
2177 2 2 1 1 1136 1135 1342
2178 2 2 1 1 1205 385 1822
2179 2 2 1 1 363 859 1970
2180 2 2 1 1 1308 2026 2027
2181 2 2 1 1 557 1792 1962
2182 2 2 1 1 825 823 826
2183 2 2 1 1 594 598 896
2184 2 2 1 1 821 819 822
2185 2 2 1 1 819 818 2085
2186 2 2 1 1 584 588 594
2187 2 2 1 1 682 681 683
2188 2 2 1 1 912 666 2122
2189 2 2 1 1 874 876 877
2190 2 2 1 1 676 675 677
2191 2 2 1 1 1469 1468 1540
2192 2 2 1 1 428 430 431
2193 2 2 1 1 311 180 1667
2194 2 2 1 1 191 306 1639
2195 2 2 1 1 307 188 1640
2196 2 2 1 1 187 307 1662
2197 2 2 1 1 301 200 1608
2198 2 2 1 1 472 505 1917
2199 2 2 1 1 207 303 1637
2200 2 2 1 1 302 204 1635
2201 2 2 1 1 310 220 1679
2202 2 2 1 1 303 208 1638
2203 2 2 1 1 1461 1460 1462
2204 2 2 1 1 786 789 2046
2205 2 2 1 1 177 263 1692
2206 2 2 1 1 774 775 776
2207 2 2 1 1 673 675 676
2208 2 2 1 1 1143 1360 1806
2209 2 2 1 1 260 182 1666
2210 2 2 1 1 197 252 1634
2211 2 2 1 1 252 198 1607
2212 2 2 1 1 193 254 1636
2213 2 2 1 1 257 210 1641
2214 2 2 1 1 2055 859 2058
2215 2 2 1 1 1096 987 1820
2216 2 2 1 1 562 563 584
2217 2 2 1 1 1892 1888 2133
2218 2 2 1 1 1222 1161 1223
2219 2 2 1 1 817 814 818
2220 2 2 1 1 504 508 520
2221 2 2 1 1 1087 907 1215
2222 2 2 1 1 569 571 590
2223 2 2 1 1 1246 2071 2268
2224 2 2 1 1 679 681 682
2225 2 2 1 1 1374 1095 1375
2226 2 2 1 1 514 369 2200
2227 2 2 1 1 411 2063 2316
2228 2 2 1 1 859 365 1952
2229 2 2 1 1 542 543 544
2230 2 2 1 1 683 685 687
2231 2 2 1 1 1311 1147 1312
2232 2 2 1 1 496 495 497
2233 2 2 1 1 1381 993 2098
2234 2 2 1 1 1095 1087 2044
2235 2 2 1 1 340 339 341
2236 2 2 1 1 422 424 425
2237 2 2 1 1 1228 1227 1229
2238 2 2 1 1 1224 1223 1365
2239 2 2 1 1 822 819 2085
2240 2 2 1 1 1086 672 1227
2241 2 2 1 1 1683 1681 1686
2242 2 2 1 1 657 662 2091
2243 2 2 1 1 611 610 612
2244 2 2 1 1 1973 1971 1974
2245 2 2 1 1 426 428 2095
2246 2 2 1 1 737 736 740
2247 2 2 1 1 1086 1230 2122
2248 2 2 1 1 1562 1564 1577
2249 2 2 1 1 609 608 610
2250 2 2 1 1 600 511 1226
2251 2 2 1 1 812 810 936
2252 2 2 1 1 1336 1181 2078
2253 2 2 1 1 676 677 769
2254 2 2 1 1 1505 1507 1508
2255 2 2 1 1 748 745 2106
2256 2 2 1 1 1325 2015 2016
2257 2 2 1 1 1105 914 1106
2258 2 2 1 1 604 602 606
2259 2 2 1 1 881 879 2239
2260 2 2 1 1 338 337 339
2261 2 2 1 1 690 1808 2160
2262 2 2 1 1 1158 1106 1167
2263 2 2 1 1 1359 1357 2034
2264 2 2 1 1 607 606 608
2265 2 2 1 1 2432 779 2434
2266 2 2 1 1 959 1998 1999
2267 2 2 1 1 698 697 699
2268 2 2 1 1 775 773 2129
2269 2 2 1 1 728 725 2033
2270 2 2 1 1 2034 1357 2035
2271 2 2 1 1 1698 1180 1699
2272 2 2 1 1 763 761 886
2273 2 2 1 1 418 420 421
2274 2 2 1 1 736 731 1944
2275 2 2 1 1 823 822 2103
2276 2 2 1 1 1395 1966 1967
2277 2 2 1 1 1559 1562 2093
2278 2 2 1 1 662 666 912
2279 2 2 1 1 1191 1176 2083
2280 2 2 1 1 729 728 730
2281 2 2 1 1 651 652 653
2282 2 2 1 1 1315 1316 1378
2283 2 2 1 1 1120 1225 1315
2284 2 2 1 1 1699 1180 2087
2285 2 2 1 1 1389 1769 2112
2286 2 2 1 1 544 545 553
2287 2 2 1 1 1384 1393 1394
2288 2 2 1 1 724 723 725
2289 2 2 1 1 726 725 728
2290 2 2 1 1 452 454 2123
2291 2 2 1 1 1180 1111 2087
2292 2 2 1 1 1986 1988 1989
2293 2 2 1 1 1219 1197 1776
2294 2 2 1 1 1868 1866 1869
2295 2 2 1 1 718 709 719
2296 2 2 1 1 1140 1142 1143
2297 2 2 1 1 553 554 560
2298 2 2 1 1 1216 1523 1524
2299 2 2 1 1 653 654 655
2300 2 2 1 1 1261 1503 1504
2301 2 2 1 1 457 456 458
2302 2 2 1 1 412 414 415
2303 2 2 1 1 722 721 723
2304 2 2 1 1 2173 1783 2216
2305 2 2 1 1 759 757 760
2306 2 2 1 1 930 1200 2141
2307 2 2 1 1 1380 1359 1585
2308 2 2 1 1 670 1086 2122
2309 2 2 1 1 672 673 2079
2310 2 2 1 1 1228 1485 2116
2311 2 2 1 1 720 719 721
2312 2 2 1 1 178 179 1919
2313 2 2 1 1 1086 1227 1228
2314 2 2 1 1 898 889 899
2315 2 2 1 1 993 1176 1191
2316 2 2 1 1 744 741 2111
2317 2 2 1 1 687 688 689
2318 2 2 1 1 1059 1058 1060
2319 2 2 1 1 1223 1161 2045
2320 2 2 1 1 686 795 2099
2321 2 2 1 1 1645 1643 1646
2322 2 2 1 1 1548 1362 1727
2323 2 2 1 1 1487 1443 1488
2324 2 2 1 1 408 410 411
2325 2 2 1 1 1166 1165 1353
2326 2 2 1 1 755 753 756
2327 2 2 1 1 1358 1357 1359
2328 2 2 1 1 222 223 1712
2329 2 2 1 1 1577 1564 2007
2330 2 2 1 1 1053 1054 1055
2331 2 2 1 1 1467 1465 1468
2332 2 2 1 1 494 495 496
2333 2 2 1 1 552 1255 2140
2334 2 2 1 1 1216 1215 1217
2335 2 2 1 1 751 749 752
2336 2 2 1 1 861 829 1818
2337 2 2 1 1 776 775 908
2338 2 2 1 1 689 911 2024
2339 2 2 1 1 935 1414 1415
2340 2 2 1 1 1934 1935 1936
2341 2 2 1 1 988 987 1096
2342 2 2 1 1 747 745 748
2343 2 2 1 1 389 390 391
2344 2 2 1 1 342 341 343
2345 2 2 1 1 1085 1055 2101
2346 2 2 1 1 866 867 868
2347 2 2 1 1 1191 2083 2084
2348 2 2 1 1 30 31 319
2349 2 2 1 1 136 137 320
2350 2 2 1 1 1164 1163 1165
2351 2 2 1 1 771 1206 1211
2352 2 2 1 1 1405 1407 1408
2353 2 2 1 1 1515 1582 1700
2354 2 2 1 1 1228 1229 1485
2355 2 2 1 1 199 200 301
2356 2 2 1 1 203 204 302
2357 2 2 1 1 195 196 304
2358 2 2 1 1 207 208 303
2359 2 2 1 1 191 192 306
2360 2 2 1 1 187 188 307
2361 2 2 1 1 211 212 305
2362 2 2 1 1 183 184 309
2363 2 2 1 1 215 216 308
2364 2 2 1 1 179 180 311
2365 2 2 1 1 219 220 310
2366 2 2 1 1 223 224 314
2367 2 2 1 1 175 176 312
2368 2 2 1 1 1098 923 1099
2369 2 2 1 1 700 699 701
2370 2 2 1 1 855 715 1982
2371 2 2 1 1 212 213 1713
2372 2 2 1 1 422 425 1990
2373 2 2 1 1 1441 1439 1442
2374 2 2 1 1 743 741 744
2375 2 2 1 1 919 893 923
2376 2 2 1 1 1179 986 1194
2377 2 2 1 1 404 406 407
2378 2 2 1 1 708 706 710
2379 2 2 1 1 1859 1861 1863
2380 2 2 1 1 1397 1366 1460
2381 2 2 1 1 1097 1096 1163
2382 2 2 1 1 526 1238 2164
2383 2 2 1 1 892 739 893
2384 2 2 1 1 396 398 399
2385 2 2 1 1 1401 1403 1404
2386 2 2 1 1 683 684 685
2387 2 2 1 1 657 658 662
2388 2 2 1 1 352 351 353
2389 2 2 1 1 704 518 1005
2390 2 2 1 1 956 1138 1139
2391 2 2 1 1 971 972 1088
2392 2 2 1 1 791 792 916
2393 2 2 1 1 1934 1103 1935
2394 2 2 1 1 909 908 992
2395 2 2 1 1 662 663 666
2396 2 2 1 1 560 561 2059
2397 2 2 1 1 400 402 403
2398 2 2 1 1 862 935 2082
2399 2 2 1 1 735 731 736
2400 2 2 1 1 649 650 651
2401 2 2 1 1 197 198 252
2402 2 2 1 1 201 202 253
2403 2 2 1 1 193 194 254
2404 2 2 1 1 205 206 255
2405 2 2 1 1 189 190 256
2406 2 2 1 1 209 210 257
2407 2 2 1 1 213 214 259
2408 2 2 1 1 185 186 258
2409 2 2 1 1 181 182 260
2410 2 2 1 1 217 218 261
2411 2 2 1 1 177 178 263
2412 2 2 1 1 221 222 262
2413 2 2 1 1 225 226 264
2414 2 2 1 1 173 174 265
2415 2 2 1 1 1171 1109 1438
2416 2 2 1 1 1880 1883 1884
2417 2 2 1 1 1645 1646 1647
2418 2 2 1 1 478 480 2133
2419 2 2 1 1 561 565 583
2420 2 2 1 1 670 672 1086
2421 2 2 1 1 715 714 716
2422 2 2 1 1 711 710 712
2423 2 2 1 1 713 712 714
2424 2 2 1 1 655 656 657
2425 2 2 1 1 770 778 1797
2426 2 2 1 1 1977 1975 1978
2427 2 2 1 1 1862 1860 1865
2428 2 2 1 1 2021 1978 2022
2429 2 2 1 1 679 680 681
2430 2 2 1 1 1562 1577 2093
2431 2 2 1 1 445 444 446
2432 2 2 1 1 392 395 2117
2433 2 2 1 1 396 399 2124
2434 2 2 1 1 416 418 2096
2435 2 2 1 1 886 761 1998
2436 2 2 1 1 906 781 907
2437 2 2 1 1 826 823 2103
2438 2 2 1 1 1379 1399 1400
2439 2 2 1 1 1076 940 1266
2440 2 2 1 1 996 605 1186
2441 2 2 1 1 776 908 909
2442 2 2 1 1 666 667 670
2443 2 2 1 1 1368 1194 1369
2444 2 2 1 1 1009 1008 1091
2445 2 2 1 1 383 771 2088
2446 2 2 1 1 1981 717 2190
2447 2 2 1 1 492 493 494
2448 2 2 1 1 810 808 2077
2449 2 2 1 1 738 733 739
2450 2 2 1 1 686 794 795
2451 2 2 1 1 677 679 2070
2452 2 2 1 1 392 394 395
2453 2 2 1 1 993 992 1176
2454 2 2 1 1 789 790 791
2455 2 2 1 1 683 687 2131
2456 2 2 1 1 1456 1369 1541
2457 2 2 1 1 995 1192 1193
2458 2 2 1 1 1412 1212 1784
2459 2 2 1 1 1182 1096 1820
2460 2 2 1 1 844 842 937
2461 2 2 1 1 383 384 385
2462 2 2 1 1 984 1087 1095
2463 2 2 1 1 645 646 647
2464 2 2 1 1 1903 1901 1904
2465 2 2 1 1 647 648 649
2466 2 2 1 1 1151 1377 1791
2467 2 2 1 1 350 349 351
2468 2 2 1 1 789 991 2046
2469 2 2 1 1 1184 1107 1185
2470 2 2 1 1 1414 1413 2009
2471 2 2 1 1 967 1813 2307
2472 2 2 1 1 1850 1849 1851
2473 2 2 1 1 962 769 963
2474 2 2 1 1 831 861 862
2475 2 2 1 1 670 671 672
2476 2 2 1 1 995 1193 2105
2477 2 2 1 1 1900 1901 1903
2478 2 2 1 1 1151 1149 1152
2479 2 2 1 1 900 701 901
2480 2 2 1 1 1200 1390 2141
2481 2 2 1 1 969 968 970
2482 2 2 1 1 437 436 438
2483 2 2 1 1 1923 1921 1924
2484 2 2 1 1 1356 1354 1357
2485 2 2 1 1 774 776 1121
2486 2 2 1 1 1051 1052 1053
2487 2 2 1 1 694 698 1969
2488 2 2 1 1 687 780 2131
2489 2 2 1 1 1374 1375 1376
2490 2 2 1 1 1700 1701 1754
2491 2 2 1 1 1267 1123 1798
2492 2 2 1 1 1176 1177 1455
2493 2 2 1 1 901 969 1937
2494 2 2 1 1 885 488 2109
2495 2 2 1 1 1051 1985 2107
2496 2 2 1 1 386 388 389
2497 2 2 1 1 1193 1433 1771
2498 2 2 1 1 1872 1871 2205
2499 2 2 1 1 490 491 492
2500 2 2 1 1 595 596 785
2501 2 2 1 1 1388 1160 1389
2502 2 2 1 1 1227 672 2079
2503 2 2 1 1 346 345 347
2504 2 2 1 1 448 450 2138
2505 2 2 1 1 1625 1628 2136
2506 2 2 1 1 909 992 993
2507 2 2 1 1 1079 1078 1134
2508 2 2 1 1 1115 1731 1732
2509 2 2 1 1 1586 1359 2034
2510 2 2 1 1 911 688 1779
2511 2 2 1 1 488 489 490
2512 2 2 1 1 1329 1330 1332
2513 2 2 1 1 1628 1629 1630
2514 2 2 1 1 1511 1157 1512
2515 2 2 1 1 1049 1050 1051
2516 2 2 1 1 1715 1699 2067
2517 2 2 1 1 1156 963 1157
2518 2 2 1 1 1676 1675 1677
2519 2 2 1 1 1716 1717 1718
2520 2 2 1 1 876 872 1992
2521 2 2 1 1 1714 1715 1716
2522 2 2 1 1 1057 1056 1058
2523 2 2 1 1 643 644 645
2524 2 2 1 1 431 430 432
2525 2 2 1 1 764 728 2033
2526 2 2 1 1 1348 1705 1709
2527 2 2 1 1 1154 904 1233
2528 2 2 1 1 560 554 561
2529 2 2 1 1 781 689 2024
2530 2 2 1 1 375 376 378
2531 2 2 1 1 359 380 2110
2532 2 2 1 1 1834 1836 1837
2533 2 2 1 1 533 534 547
2534 2 2 1 1 606 602 2149
2535 2 2 1 1 1795 1130 2319
2536 2 2 1 1 888 883 889
2537 2 2 1 1 697 692 2160
2538 2 2 1 1 1332 1333 1334
2539 2 2 1 1 600 1226 2149
2540 2 2 1 1 1334 1335 1480
2541 2 2 1 1 1674 1671 1675
2542 2 2 1 1 1624 1625 2136
2543 2 2 1 1 1327 1328 1329
2544 2 2 1 1 685 686 2099
2545 2 2 1 1 1480 1481 1532
2546 2 2 1 1 677 678 679
2547 2 2 1 1 989 990 1110
2548 2 2 1 1 887 957 989
2549 2 2 1 1 344 343 345
2550 2 2 1 1 592 593 595
2551 2 2 1 1 1156 1157 1511
2552 2 2 1 1 739 2118 2305
2553 2 2 1 1 825 826 827
2554 2 2 1 1 411 412 2102
2555 2 2 1 1 906 907 984
2556 2 2 1 1 1168 980 1169
2557 2 2 1 1 2103 822 2245
2558 2 2 1 1 1956 1958 1959
2559 2 2 1 1 553 545 554
2560 2 2 1 1 1110 1111 1180
2561 2 2 1 1 1322 1323 1324
2562 2 2 1 1 963 769 1246
2563 2 2 1 1 1117 973 1231
2564 2 2 1 1 373 374 375
2565 2 2 1 1 1911 1910 1912
2566 2 2 1 1 1620 1621 1624
2567 2 2 1 1 348 347 349
2568 2 2 1 1 760 2163 2208
2569 2 2 1 1 586 587 592
2570 2 2 1 1 379 382 383
2571 2 2 1 1 1572 1573 1578
2572 2 2 1 1 641 642 643
2573 2 2 1 1 1292 1289 2050
2574 2 2 1 1 371 372 373
2575 2 2 1 1 696 695 921
2576 2 2 1 1 795 894 2115
2577 2 2 1 1 962 963 1156
2578 2 2 1 1 891 736 1944
2579 2 2 1 1 786 788 789
2580 2 2 1 1 486 487 488
2581 2 2 1 1 1047 1048 1049
2582 2 2 1 1 1698 1699 1714
2583 2 2 1 1 1324 1326 1327
2584 2 2 1 1 425 424 426
2585 2 2 1 1 1614 1615 1616
2586 2 2 1 1 1909 1908 1910
2587 2 2 1 1 1649 1650 1651
2588 2 2 1 1 1618 1619 1620
2589 2 2 1 1 1310 1321 1322
2590 2 2 1 1 2075 1286 2120
2591 2 2 1 1 773 560 2059
2592 2 2 1 1 2070 682 2071
2593 2 2 1 1 1543 1223 2045
2594 2 2 1 1 672 671 673
2595 2 2 1 1 1570 1571 1572
2596 2 2 1 1 894 796 895
2597 2 2 1 1 676 769 962
2598 2 2 1 1 990 957 2114
2599 2 2 1 1 1925 1924 1927
2600 2 2 1 1 1980 1981 2119
2601 2 2 1 1 1647 1648 1649
2602 2 2 1 1 821 822 823
2603 2 2 1 1 763 886 887
2604 2 2 1 1 824 2218 2240
2605 2 2 1 1 567 569 2331
2606 2 2 1 1 1827 1825 1828
2607 2 2 1 1 581 582 586
2608 2 2 1 1 909 993 1381
2609 2 2 1 1 1457 1169 1749
2610 2 2 1 1 753 752 2130
2611 2 2 1 1 817 818 819
2612 2 2 1 1 1907 1906 1908
2613 2 2 1 1 1905 1904 1906
2614 2 2 1 1 1045 1046 1047
2615 2 2 1 1 421 420 422
2616 2 2 1 1 974 1132 1214
2617 2 2 1 1 1159 979 1237
2618 2 2 1 1 1616 1617 1618
2619 2 2 1 1 653 652 654
2620 2 2 1 1 1307 1309 1310
2621 2 2 1 1 1532 1533 1534
2622 2 2 1 1 400 403 2137
2623 2 2 1 1 526 377 1238
2624 2 2 1 1 745 744 2106
2625 2 2 1 1 544 543 545
2626 2 2 1 1 639 640 641
2627 2 2 1 1 484 485 486
2628 2 2 1 1 1007 922 1008
2629 2 2 1 1 1890 1892 1893
2630 2 2 1 1 1043 1044 1045
2631 2 2 1 1 1230 1228 2116
2632 2 2 1 1 662 658 663
2633 2 2 1 1 637 638 639
2634 2 2 1 1 1305 1306 1307
2635 2 2 1 1 1136 1344 2214
2636 2 2 1 1 369 370 371
2637 2 2 1 1 1125 934 1213
2638 2 2 1 1 482 483 484
2639 2 2 1 1 783 606 2149
2640 2 2 1 1 860 995 2105
2641 2 2 1 1 759 760 761
2642 2 2 1 1 928 1786 2272
2643 2 2 1 1 960 1161 1222
2644 2 2 1 1 1202 697 2160
2645 2 2 1 1 666 663 667
2646 2 2 1 1 655 654 656
2647 2 2 1 1 1361 1172 1775
2648 2 2 1 1 611 612 2173
2649 2 2 1 1 1221 1435 1758
2650 2 2 1 1 1999 1998 2208
2651 2 2 1 1 415 414 416
2652 2 2 1 1 579 580 581
2653 2 2 1 1 1568 1569 1570
2654 2 2 1 1 480 481 482
2655 2 2 1 1 673 674 675
2656 2 2 1 1 1450 1237 1451
2657 2 2 1 1 1303 1304 1305
2658 2 2 1 1 1041 1042 1043
2659 2 2 1 1 1176 992 1177
2660 2 2 1 1 657 656 658
2661 2 2 1 1 635 636 637
2662 2 2 1 1 1534 1733 1734
2663 2 2 1 1 1461 1462 1463
2664 2 2 1 1 864 862 2082
2665 2 2 1 1 549 555 557
2666 2 2 1 1 1214 1220 1221
2667 2 2 1 1 741 740 2111
2668 2 2 1 1 812 936 2010
2669 2 2 1 1 755 756 757
2670 2 2 1 1 1455 1177 1517
2671 2 2 1 1 1625 1627 1628
2672 2 2 1 1 2077 808 2201
2673 2 2 1 1 1300 1302 1303
2674 2 2 1 1 577 578 579
2675 2 2 1 1 1467 1468 1469
2676 2 2 1 1 367 368 369
2677 2 2 1 1 751 752 753
2678 2 2 1 1 478 479 480
2679 2 2 1 1 1810 1815 2069
2680 2 2 1 1 575 576 577
2681 2 2 1 1 1298 1299 1300
2682 2 2 1 1 2085 818 2308
2683 2 2 1 1 633 634 635
2684 2 2 1 1 725 723 2237
2685 2 2 1 1 1786 1391 1787
2686 2 2 1 1 2071 682 2131
2687 2 2 1 1 1967 1966 1968
2688 2 2 1 1 1783 668 2264
2689 2 2 1 1 670 667 671
2690 2 2 1 1 1489 1490 1491
2691 2 2 1 1 1039 1040 1041
2692 2 2 1 1 365 366 367
2693 2 2 1 1 1566 1567 1568
2694 2 2 1 1 476 477 478
2695 2 2 1 1 651 650 652
2696 2 2 1 1 1508 1507 1509
2697 2 2 1 1 1089 1094 1103
2698 2 2 1 1 1294 1297 1298
2699 2 2 1 1 855 1982 2159
2700 2 2 1 1 1383 1283 1384
2701 2 2 1 1 1162 1352 2121
2702 2 2 1 1 411 410 412
2703 2 2 1 1 1194 986 2159
2704 2 2 1 1 631 632 633
2705 2 2 1 1 744 2111 2229
2706 2 2 1 1 425 1124 1990
2707 2 2 1 1 1222 1223 1224
2708 2 2 1 1 1037 1038 1039
2709 2 2 1 1 542 531 543
2710 2 2 1 1 1394 1393 1395
2711 2 2 1 1 1397 1460 1461
2712 2 2 1 1 747 748 749
2713 2 2 1 1 629 630 631
2714 2 2 1 1 1282 1213 1283
2715 2 2 1 1 737 740 741
2716 2 2 1 1 404 407 2166
2717 2 2 1 1 1291 1293 1294
2718 2 2 1 1 474 475 476
2719 2 2 1 1 1703 1347 1704
2720 2 2 1 1 710 706 2161
2721 2 2 1 1 795 794 796
2722 2 2 1 1 1564 1565 1566
2723 2 2 1 1 627 628 629
2724 2 2 1 1 1224 1365 1366
2725 2 2 1 1 1112 1181 1336
2726 2 2 1 1 1413 861 1818
2727 2 2 1 1 805 847 2176
2728 2 2 1 1 704 1005 2161
2729 2 2 1 1 33 34 276
2730 2 2 1 1 133 134 277
2731 2 2 1 1 959 886 1998
2732 2 2 1 1 407 406 408
2733 2 2 1 1 1035 1036 1037
2734 2 2 1 1 963 1246 2147
2735 2 2 1 1 523 524 533
2736 2 2 1 1 1343 2537 2540
2737 2 2 1 1 454 457 2123
2738 2 2 1 1 1504 1503 1505
2739 2 2 1 1 743 744 745
2740 2 2 1 1 1289 1290 1291
2741 2 2 1 1 1390 1337 1391
2742 2 2 1 1 919 1098 2127
2743 2 2 1 1 1802 1511 1803
2744 2 2 1 1 1120 777 1225
2745 2 2 1 1 515 517 523
2746 2 2 1 1 879 877 2141
2747 2 2 1 1 625 626 627
2748 2 2 1 1 472 473 474
2749 2 2 1 1 707 709 718
2750 2 2 1 1 1810 546 1815
2751 2 2 1 1 1417 1414 2009
2752 2 2 1 1 666 670 2122
2753 2 2 1 1 1487 1488 1489
2754 2 2 1 1 496 498 1870
2755 2 2 1 1 573 574 575
2756 2 2 1 1 1033 1034 1035
2757 2 2 1 1 1404 1403 1405
2758 2 2 1 1 403 402 404
2759 2 2 1 1 971 970 972
2760 2 2 1 1 1279 1288 1289
2761 2 2 1 1 1562 1563 1564
2762 2 2 1 1 470 471 472
2763 2 2 1 1 729 730 731
2764 2 2 1 1 363 364 365
2765 2 2 1 1 735 736 737
2766 2 2 1 1 623 624 625
2767 2 2 1 1 882 881 883
2768 2 2 1 1 1277 1278 1279
2769 2 2 1 1 399 398 400
2770 2 2 1 1 772 1004 2118
2771 2 2 1 1 969 1104 1937
2772 2 2 1 1 908 775 910
2773 2 2 1 1 1031 1032 1033
2774 2 2 1 1 726 728 729
2775 2 2 1 1 1275 1276 1277
2776 2 2 1 1 1378 1316 1379
2777 2 2 1 1 391 392 2117
2778 2 2 1 1 724 725 726
2779 2 2 1 1 1371 1597 1710
2780 2 2 1 1 780 689 781
2781 2 2 1 1 679 682 2070
2782 2 2 1 1 468 469 470
2783 2 2 1 1 977 1135 1136
2784 2 2 1 1 998 1160 1388
2785 2 2 1 1 1400 1399 1401
2786 2 2 1 1 1244 1274 1275
2787 2 2 1 1 856 987 988
2788 2 2 1 1 621 622 623
2789 2 2 1 1 722 723 724
2790 2 2 1 1 685 684 686
2791 2 2 1 1 1723 1715 2067
2792 2 2 1 1 607 609 2128
2793 2 2 1 1 395 394 396
2794 2 2 1 1 1029 1030 1031
2795 2 2 1 1 619 620 621
2796 2 2 1 1 466 467 468
2797 2 2 1 1 1358 1359 1380
2798 2 2 1 1 1315 1225 1316
2799 2 2 1 1 1500 1162 2121
2800 2 2 1 1 391 390 392
2801 2 2 1 1 698 964 1969
2802 2 2 1 1 1242 1243 1244
2803 2 2 1 1 1834 1119 1836
2804 2 2 1 1 878 877 879
2805 2 2 1 1 757 756 2163
2806 2 2 1 1 683 681 684
2807 2 2 1 1 612 614 615
2808 2 2 1 1 617 618 619
2809 2 2 1 1 464 465 466
2810 2 2 1 1 1441 1442 1443
2811 2 2 1 1 1162 1100 1352
2812 2 2 1 1 720 721 722
2813 2 2 1 1 1167 1207 1208
2814 2 2 1 1 361 362 363
2815 2 2 1 1 773 2059 2129
2816 2 2 1 1 1166 1353 1354
2817 2 2 1 1 649 648 650
2818 2 2 1 1 718 719 720
2819 2 2 1 1 1027 1028 1029
2820 2 2 1 1 880 879 881
2821 2 2 1 1 35 36 321
2822 2 2 1 1 1240 1241 1242
2823 2 2 1 1 131 132 323
2824 2 2 1 1 615 616 617
2825 2 2 1 1 1177 992 2144
2826 2 2 1 1 1875 1872 2205
2827 2 2 1 1 494 493 495
2828 2 2 1 1 1086 1228 1230
2829 2 2 1 1 906 984 2139
2830 2 2 1 1 814 812 2010
2831 2 2 1 1 571 572 573
2832 2 2 1 1 1164 1165 1166
2833 2 2 1 1 1171 1438 1439
2834 2 2 1 1 1025 1026 1027
2835 2 2 1 1 458 459 460
2836 2 2 1 1 1356 1357 1358
2837 2 2 1 1 1208 1239 1240
2838 2 2 1 1 462 463 464
2839 2 2 1 1 569 570 571
2840 2 2 1 1 445 446 2181
2841 2 2 1 1 1261 1504 2240
2842 2 2 1 1 1772 1194 2159
2843 2 2 1 1 2141 1390 2239
2844 2 2 1 1 1848 1849 1850
2845 2 2 1 1 1023 1024 1025
2846 2 2 1 1 1143 1142 1144
2847 2 2 1 1 1480 1335 1481
2848 2 2 1 1 460 461 462
2849 2 2 1 1 1559 1561 1562
2850 2 2 1 1 1532 1481 1533
2851 2 2 1 1 1097 1163 1164
2852 2 2 1 1 359 360 361
2853 2 2 1 1 1363 1549 1765
2854 2 2 1 1 905 781 906
2855 2 2 1 1 988 1096 1097
2856 2 2 1 1 791 790 792
2857 2 2 1 1 1334 1333 1335
2858 2 2 1 1 1055 1054 1056
2859 2 2 1 1 1972 1975 1977
2860 2 2 1 1 1556 1557 1558
2861 2 2 1 1 603 605 996
2862 2 2 1 1 647 646 648
2863 2 2 1 1 1232 1412 2134
2864 2 2 1 1 1263 710 2161
2865 2 2 1 1 1332 1330 1333
2866 2 2 1 1 395 396 2124
2867 2 2 1 1 2126 1136 2214
2868 2 2 1 1 748 2106 2132
2869 2 2 1 1 756 753 2130
2870 2 2 1 1 682 683 2131
2871 2 2 1 1 915 1107 1184
2872 2 2 1 1 599 601 1785
2873 2 2 1 1 677 675 678
2874 2 2 1 1 901 967 968
2875 2 2 1 1 2139 1116 2167
2876 2 2 1 1 1021 1022 1023
2877 2 2 1 1 895 956 2100
2878 2 2 1 1 1198 876 1992
2879 2 2 1 1 389 388 390
2880 2 2 1 1 454 455 456
2881 2 2 1 1 1018 1019 1021
2882 2 2 1 1 1855 1852 2389
2883 2 2 1 1 2079 962 2158
2884 2 2 1 1 1880 1878 1883
2885 2 2 1 1 613 768 1000
2886 2 2 1 1 385 384 386
2887 2 2 1 1 1016 1017 1018
2888 2 2 1 1 1329 1328 1330
2889 2 2 1 1 1534 1533 1733
2890 2 2 1 1 37 38 273
2891 2 2 1 1 129 130 272
2892 2 2 1 1 869 868 870
2893 2 2 1 1 567 568 569
2894 2 2 1 1 645 644 646
2895 2 2 1 1 2117 395 2241
2896 2 2 1 1 984 1116 2139
2897 2 2 1 1 873 872 874
2898 2 2 1 1 908 910 2144
2899 2 2 1 1 947 478 2133
2900 2 2 1 1 1116 1095 1374
2901 2 2 1 1 1433 1192 2135
2902 2 2 1 1 452 453 454
2903 2 2 1 1 785 596 786
2904 2 2 1 1 1014 1015 1016
2905 2 2 1 1 1977 1978 2021
2906 2 2 1 1 789 788 790
2907 2 2 1 1 492 491 493
2908 2 2 1 1 871 870 872
2909 2 2 1 1 1156 1511 1802
2910 2 2 1 1 1088 972 1089
2911 2 2 1 1 2100 1139 2182
2912 2 2 1 1 446 447 448
2913 2 2 1 1 357 358 359
2914 2 2 1 1 1139 1138 1140
2915 2 2 1 1 450 451 452
2916 2 2 1 1 687 689 780
2917 2 2 1 1 1136 1342 1344
2918 2 2 1 1 538 2427 2443
2919 2 2 1 1 996 1186 1745
2920 2 2 1 1 716 732 733
2921 2 2 1 1 1687 1686 1688
2922 2 2 1 1 498 513 1870
2923 2 2 1 1 1172 1173 1775
2924 2 2 1 1 1389 1496 1769
2925 2 2 1 1 1236 1453 1454
2926 2 2 1 1 707 718 2125
2927 2 2 1 1 505 1900 1917
2928 2 2 1 1 1829 1831 1832
2929 2 2 1 1 448 449 450
2930 2 2 1 1 1012 1013 1014
2931 2 2 1 1 1518 1177 2144
2932 2 2 1 1 1184 1185 1728
2933 2 2 1 1 1352 1100 2139
2934 2 2 1 1 1004 1187 1756
2935 2 2 1 1 1327 1326 1328
2936 2 2 1 1 377 353 2092
2937 2 2 1 1 1122 1825 1827
2938 2 2 1 1 1956 1954 1958
2939 2 2 1 1 383 382 384
2940 2 2 1 1 802 1256 2201
2941 2 2 1 1 595 593 596
2942 2 2 1 1 378 376 379
2943 2 2 1 1 1313 1314 1331
2944 2 2 1 1 490 489 491
2945 2 2 1 1 679 678 680
2946 2 2 1 1 1578 1573 1579
2947 2 2 1 1 1572 1571 1573
2948 2 2 1 1 643 642 644
2949 2 2 1 1 525 530 2140
2950 2 2 1 1 1083 1010 1428
2951 2 2 1 1 438 439 440
2952 2 2 1 1 1552 1553 2143
2953 2 2 1 1 1076 1266 1296
2954 2 2 1 1 518 438 2086
2955 2 2 1 1 1614 1612 1615
2956 2 2 1 1 592 587 593
2957 2 2 1 1 1517 1518 1519
2958 2 2 1 1 863 862 864
2959 2 2 1 1 442 443 444
2960 2 2 1 1 1324 1323 1326
2961 2 2 1 1 905 906 1100
2962 2 2 1 1 1411 1162 1500
2963 2 2 1 1 1000 2197 2223
2964 2 2 1 1 565 566 567
2965 2 2 1 1 1553 1556 2143
2966 2 2 1 1 440 441 442
2967 2 2 1 1 586 582 587
2968 2 2 1 1 705 707 2125
2969 2 2 1 1 1322 1321 1323
2970 2 2 1 1 488 487 489
2971 2 2 1 1 1094 1101 1364
2972 2 2 1 1 1740 1420 1741
2973 2 2 1 1 1553 1555 1556
2974 2 2 1 1 561 564 565
2975 2 2 1 1 1570 1569 1571
2976 2 2 1 1 353 354 355
2977 2 2 1 1 865 864 866
2978 2 2 1 1 1630 1629 1631
2979 2 2 1 1 1212 432 2090
2980 2 2 1 1 355 356 357
2981 2 2 1 1 1053 1052 1054
2982 2 2 1 1 375 374 376
2983 2 2 1 1 1895 1893 1897
2984 2 2 1 1 450 1204 2138
2985 2 2 1 1 1959 1958 1961
2986 2 2 1 1 1372 1180 1698
2987 2 2 1 1 780 781 905
2988 2 2 1 1 432 433 434
2989 2 2 1 1 373 372 374
2990 2 2 1 1 1269 1270 1271
2991 2 2 1 1 877 930 2141
2992 2 2 1 1 1722 1724 1725
2993 2 2 1 1 1519 1520 1552
2994 2 2 1 1 1890 1888 1892
2995 2 2 1 1 1051 1050 1052
2996 2 2 1 1 434 435 436
2997 2 2 1 1 1911 1912 1913
2998 2 2 1 1 1134 1436 1444
2999 2 2 1 1 772 1001 1004
3000 2 2 1 1 1123 426 2095
3001 2 2 1 1 2049 1292 2050
3002 2 2 1 1 1310 1309 1321
3003 2 2 1 1 641 640 642
3004 2 2 1 1 581 580 582
3005 2 2 1 1 887 989 2142
3006 2 2 1 1 1669 1671 1674
3007 2 2 1 1 1909 1910 1911
3008 2 2 1 1 1787 1789 1790
3009 2 2 1 1 371 370 372
3010 2 2 1 1 837 839 1012
3011 2 2 1 1 2218 1259 2240
3012 2 2 1 1 1129 1100 1162
3013 2 2 1 1 1116 1499 2167
3014 2 2 1 1 1568 1567 1569
3015 2 2 1 1 673 671 674
3016 2 2 1 1 426 427 428
3017 2 2 1 1 1566 1565 1567
3018 2 2 1 1 1157 2147 2156
3019 2 2 1 1 1390 1786 2239
3020 2 2 1 1 1234 1235 1236
3021 2 2 1 1 1932 1929 1933
3022 2 2 1 1 852 853 1078
3023 2 2 1 1 1903 1904 1905
3024 2 2 1 1 684 681 2171
3025 2 2 1 1 943 2019 2384
3026 2 2 1 1 992 908 2144
3027 2 2 1 1 1624 1621 1625
3028 2 2 1 1 828 827 829
3029 2 2 1 1 486 485 487
3030 2 2 1 1 1907 1908 1909
3031 2 2 1 1 1049 1048 1050
3032 2 2 1 1 1307 1306 1309
3033 2 2 1 1 1628 1627 1629
3034 2 2 1 1 762 761 763
3035 2 2 1 1 1364 1101 1479
3036 2 2 1 1 428 429 430
3037 2 2 1 1 579 578 580
3038 2 2 1 1 639 638 640
3039 2 2 1 1 1998 760 2208
3040 2 2 1 1 1647 1646 1648
3041 2 2 1 1 2197 1729 2223
3042 2 2 1 1 1620 1619 1621
3043 2 2 1 1 849 850 852
3044 2 2 1 1 1905 1906 1907
3045 2 2 1 1 1564 1563 1565
3046 2 2 1 1 973 416 2096
3047 2 2 1 1 577 576 578
3048 2 2 1 1 1651 1650 1652
3049 2 2 1 1 1305 1304 1306
3050 2 2 1 1 1837 1836 1838
3051 2 2 1 1 830 829 831
3052 2 2 1 1 602 600 2149
3053 2 2 1 1 1470 1469 1471
3054 2 2 1 1 422 423 424
3055 2 2 1 1 758 757 759
3056 2 2 1 1 1505 1508 2248
3057 2 2 1 1 637 636 638
3058 2 2 1 1 484 483 485
3059 2 2 1 1 1649 1648 1650
3060 2 2 1 1 1047 1046 1048
3061 2 2 1 1 575 574 576
3062 2 2 1 1 1618 1617 1619
3063 2 2 1 1 693 695 696
3064 2 2 1 1 1303 1302 1304
3065 2 2 1 1 1562 1561 1563
3066 2 2 1 1 1006 1245 1427
3067 2 2 1 1 369 368 370
3068 2 2 1 1 1558 1557 1559
3069 2 2 1 1 824 823 825
3070 2 2 1 1 1045 1044 1046
3071 2 2 1 1 482 481 483
3072 2 2 1 1 847 848 849
3073 2 2 1 1 754 753 755
3074 2 2 1 1 1157 963 2147
3075 2 2 1 1 1676 1677 1678
3076 2 2 1 1 1300 1299 1302
3077 2 2 1 1 1616 1615 1617
3078 2 2 1 1 820 819 821
3079 2 2 1 1 1792 1794 1962
3080 2 2 1 1 635 634 636
3081 2 2 1 1 367 366 368
3082 2 2 1 1 1464 1463 1465
3083 2 2 1 1 1538 1273 1539
3084 2 2 1 1 898 899 904
3085 2 2 1 1 1298 1297 1299
3086 2 2 1 1 399 400 2137
3087 2 2 1 1 39 40 322
3088 2 2 1 1 416 417 418
3089 2 2 1 1 127 128 324
3090 2 2 1 1 1233 2126 2214
3091 2 2 1 1 1043 1042 1044
3092 2 2 1 1 1517 1177 1518
3093 2 2 1 1 1100 906 2139
3094 2 2 1 1 750 749 751
3095 2 2 1 1 480 479 481
3096 2 2 1 1 1466 1465 1467
3097 2 2 1 1 1154 1233 1234
3098 2 2 1 1 633 632 634
3099 2 2 1 1 1294 1293 1297
3100 2 2 1 1 1747 857 2172
3101 2 2 1 1 1674 1675 1676
3102 2 2 1 1 984 1095 1116
3103 2 2 1 1 1167 1106 1207
3104 2 2 1 1 612 610 614
3105 2 2 1 1 2124 399 2301
3106 2 2 1 1 1396 1366 1397
3107 2 2 1 1 1200 1337 1390
3108 2 2 1 1 692 690 2160
3109 2 2 1 1 904 899 2126
3110 2 2 1 1 478 477 479
3111 2 2 1 1 418 419 420
3112 2 2 1 1 365 364 366
3113 2 2 1 1 608 606 783
3114 2 2 1 1 501 499 522
3115 2 2 1 1 631 630 632
3116 2 2 1 1 746 745 747
3117 2 2 1 1 1129 1162 1411
3118 2 2 1 1 1291 1290 1293
3119 2 2 1 1 901 701 967
3120 2 2 1 1 412 413 414
3121 2 2 1 1 1271 1473 1474
3122 2 2 1 1 629 628 630
3123 2 2 1 1 1041 1040 1042
3124 2 2 1 1 888 889 898
3125 2 2 1 1 1874 1872 1875
3126 2 2 1 1 742 741 743
3127 2 2 1 1 476 475 477
3128 2 2 1 1 552 691 1255
3129 2 2 1 1 970 968 1118
3130 2 2 1 1 2071 2131 2203
3131 2 2 1 1 986 855 2159
3132 2 2 1 1 627 626 628
3133 2 2 1 1 977 1136 2126
3134 2 2 1 1 1289 1288 1290
3135 2 2 1 1 1089 1090 1094
3136 2 2 1 1 1039 1038 1040
3137 2 2 1 1 408 409 410
3138 2 2 1 1 914 767 2216
3139 2 2 1 1 658 656 920
3140 2 2 1 1 667 663 946
3141 2 2 1 1 1405 1406 1407
3142 2 2 1 1 816 814 817
3143 2 2 1 1 148 149 268
3144 2 2 1 1 18 19 269
3145 2 2 1 1 573 572 574
3146 2 2 1 1 962 1156 2158
3147 2 2 1 1 458 456 459
3148 2 2 1 1 1279 1278 1288
3149 2 2 1 1 905 1100 1129
3150 2 2 1 1 474 473 475
3151 2 2 1 1 625 624 626
3152 2 2 1 1 706 704 2161
3153 2 2 1 1 1433 2135 2425
3154 2 2 1 1 979 895 2100
3155 2 2 1 1 1395 1767 1966
3156 2 2 1 1 899 977 2126
3157 2 2 1 1 1428 1010 2198
3158 2 2 1 1 1037 1036 1038
3159 2 2 1 1 1277 1276 1278
3160 2 2 1 1 734 731 735
3161 2 2 1 1 1401 1402 1403
3162 2 2 1 1 813 812 814
3163 2 2 1 1 2012 1209 2175
3164 2 2 1 1 472 471 473
3165 2 2 1 1 1275 1274 1276
3166 2 2 1 1 805 807 847
3167 2 2 1 1 1384 1392 1393
3168 2 2 1 1 811 810 812
3169 2 2 1 1 515 507 517
3170 2 2 1 1 760 757 2163
3171 2 2 1 1 571 570 572
3172 2 2 1 1 1035 1034 1036
3173 2 2 1 1 623 622 624
3174 2 2 1 1 404 405 406
3175 2 2 1 1 801 803 1247
3176 2 2 1 1 1512 1157 2156
3177 2 2 1 1 1244 1243 1274
3178 2 2 1 1 809 808 810
3179 2 2 1 1 1556 1555 1557
3180 2 2 1 1 2059 583 2289
3181 2 2 1 1 561 554 564
3182 2 2 1 1 1492 1491 1493
3183 2 2 1 1 1505 1506 1507
3184 2 2 1 1 145 146 278
3185 2 2 1 1 21 22 279
3186 2 2 1 1 856 988 2190
3187 2 2 1 1 621 620 622
3188 2 2 1 1 470 469 471
3189 2 2 1 1 363 362 364
3190 2 2 1 1 1379 1398 1399
3191 2 2 1 1 1094 1090 1101
3192 2 2 1 1 923 893 927
3193 2 2 1 1 569 568 570
3194 2 2 1 1 396 397 398
3195 2 2 1 1 686 793 794
3196 2 2 1 1 1242 1241 1243
3197 2 2 1 1 619 618 620
3198 2 2 1 1 1033 1032 1034
3199 2 2 1 1 400 401 402
3200 2 2 1 1 1430 2280 2321
3201 2 2 1 1 468 467 469
3202 2 2 1 1 1060 1062 1063
3203 2 2 1 1 617 616 618
3204 2 2 1 1 1240 1239 1241
3205 2 2 1 1 874 877 878
3206 2 2 1 1 739 733 2118
3207 2 2 1 1 1208 1207 1239
3208 2 2 1 1 1116 1374 1499
3209 2 2 1 1 1369 1194 1772
3210 2 2 1 1 1031 1030 1032
3211 2 2 1 1 466 465 467
3212 2 2 1 1 615 614 616
3213 2 2 1 1 1092 1146 1147
3214 2 2 1 1 1355 1354 1356
3215 2 2 1 1 716 714 732
3216 2 2 1 1 1476 1477 1478
3217 2 2 1 1 1552 1520 1553
3218 2 2 1 1 353 351 354
3219 2 2 1 1 712 710 1263
3220 2 2 1 1 361 360 362
3221 2 2 1 1 392 393 394
3222 2 2 1 1 1005 518 2086
3223 2 2 1 1 446 444 447
3224 2 2 1 1 1519 1518 1520
3225 2 2 1 1 699 697 1202
3226 2 2 1 1 1029 1028 1030
3227 2 2 1 1 464 463 465
3228 2 2 1 1 1390 1391 1786
3229 2 2 1 1 792 924 925
3230 2 2 1 1 1382 857 1747
3231 2 2 1 1 1486 1443 1487
3232 2 2 1 1 142 143 296
3233 2 2 1 1 24 25 297
3234 2 2 1 1 1063 1072 1073
3235 2 2 1 1 1101 1090 1248
3236 2 2 1 1 1238 377 2092
3237 2 2 1 1 1027 1026 1028
3238 2 2 1 1 1261 1502 1503
3239 2 2 1 1 462 461 463
3240 2 2 1 1 1110 1180 1372
3241 2 2 1 1 460 459 461
3242 2 2 1 1 1025 1024 1026
3243 2 2 1 1 806 804 808
3244 2 2 1 1 2195 674 2250
3245 2 2 1 1 1575 2062 2346
3246 2 2 1 1 1259 1260 1261
3247 2 2 1 1 925 1114 1115
3248 2 2 1 1 1784 1212 2090
3249 2 2 1 1 1352 2139 2167
3250 2 2 1 1 1115 1387 1731
3251 2 2 1 1 802 800 1256
3252 2 2 1 1 866 868 869
3253 2 2 1 1 438 436 439
3254 2 2 1 1 680 953 1249
3255 2 2 1 1 1156 1802 2158
3256 2 2 1 1 786 787 788
3257 2 2 1 1 1440 1439 1441
3258 2 2 1 1 359 358 360
3259 2 2 1 1 696 921 922
3260 2 2 1 1 1780 1560 1781
3261 2 2 1 1 421 1990 2242
3262 2 2 1 1 1023 1022 1024
3263 2 2 1 1 763 887 966
3264 2 2 1 1 567 566 568
3265 2 2 1 1 545 543 784
3266 2 2 1 1 1249 1250 1251
3267 2 2 1 1 386 387 388
3268 2 2 1 1 149 150 2145
3269 2 2 1 1 17 18 2146
3270 2 2 1 1 603 996 2196
3271 2 2 1 1 1798 1123 2095
3272 2 2 1 1 1073 1148 1149
3273 2 2 1 1 1021 1019 1022
3274 2 2 1 1 793 684 2171
3275 2 2 1 1 432 430 433
3276 2 2 1 1 1785 601 2196
3277 2 2 1 1 454 453 455
3278 2 2 1 1 2167 1499 2168
3279 2 2 1 1 1018 1017 1019
3280 2 2 1 1 80 81 280
3281 2 2 1 1 104 105 286
3282 2 2 1 1 86 87 281
3283 2 2 1 1 92 93 282
3284 2 2 1 1 98 99 283
3285 2 2 1 1 74 75 285
3286 2 2 1 1 56 57 291
3287 2 2 1 1 50 51 290
3288 2 2 1 1 62 63 288
3289 2 2 1 1 68 69 284
3290 2 2 1 1 110 111 289
3291 2 2 1 1 44 45 292
3292 2 2 1 1 122 123 293
3293 2 2 1 1 116 117 287
3294 2 2 1 1 882 883 888
3295 2 2 1 1 915 1184 2197
3296 2 2 1 1 1285 799 1429
3297 2 2 1 1 767 611 2173
3298 2 2 1 1 1481 1335 1482
3299 2 2 1 1 733 732 772
3300 2 2 1 1 895 955 956
3301 2 2 1 1 843 842 844
3302 2 2 1 1 403 404 2166
3303 2 2 1 1 1170 1109 1171
3304 2 2 1 1 831 862 863
3305 2 2 1 1 671 667 2148
3306 2 2 1 1 1016 1015 1017
3307 2 2 1 1 1000 768 2197
3308 2 2 1 1 1006 1427 2174
3309 2 2 1 1 890 844 954
3310 2 2 1 1 452 451 453
3311 2 2 1 1 1871 513 2205
3312 2 2 1 1 847 1131 2176
3313 2 2 1 1 759 761 762
3314 2 2 1 1 982 954 1080
3315 2 2 1 1 1108 1080 1109
3316 2 2 1 1 565 564 566
3317 2 2 1 1 675 674 2195
3318 2 2 1 1 878 879 880
3319 2 2 1 1 1746 1745 1760
3320 2 2 1 1 426 424 427
3321 2 2 1 1 1134 1078 1436
3322 2 2 1 1 89 90 238
3323 2 2 1 1 83 84 237
3324 2 2 1 1 77 78 239
3325 2 2 1 1 65 66 243
3326 2 2 1 1 71 72 241
3327 2 2 1 1 95 96 240
3328 2 2 1 1 101 102 242
3329 2 2 1 1 53 54 247
3330 2 2 1 1 59 60 245
3331 2 2 1 1 113 114 246
3332 2 2 1 1 107 108 244
3333 2 2 1 1 119 120 248
3334 2 2 1 1 47 48 249
3335 2 2 1 1 41 42 251
3336 2 2 1 1 125 126 250
3337 2 2 1 1 450 449 451
3338 2 2 1 1 349 347 846
3339 2 2 1 1 1467 1469 1470
3340 2 2 1 1 841 840 842
3341 2 2 1 1 1014 1013 1015
3342 2 2 1 1 1089 972 1090
3343 2 2 1 1 913 1102 1259
3344 2 2 1 1 755 757 758
3345 2 2 1 1 1311 1312 1313
3346 2 2 1 1 1559 1560 1561
3347 2 2 1 1 1004 1001 1187
3348 2 2 1 1 880 881 882
3349 2 2 1 1 1231 973 2096
3350 2 2 1 1 557 555 559
3351 2 2 1 1 448 447 449
3352 2 2 1 1 1729 1728 1748
3353 2 2 1 1 1461 1463 1464
3354 2 2 1 1 1853 2323 2389
3355 2 2 1 1 379 381 382
3356 2 2 1 1 663 658 2154
3357 2 2 1 1 751 753 754
3358 2 2 1 1 1372 1698 1744
3359 2 2 1 1 422 420 423
3360 2 2 1 1 681 680 2171
3361 2 2 1 1 804 802 2201
3362 2 2 1 1 674 671 2148
3363 2 2 1 1 1333 1330 1738
3364 2 2 1 1 446 512 2181
3365 2 2 1 1 733 772 2118
3366 2 2 1 1 1224 1366 1396
3367 2 2 1 1 825 827 828
3368 2 2 1 1 1447 1281 1448
3369 2 2 1 1 357 356 358
3370 2 2 1 1 1893 1892 2169
3371 2 2 1 1 1553 1554 1555
3372 2 2 1 1 747 749 750
3373 2 2 1 1 869 870 871
3374 2 2 1 1 1012 839 1013
3375 2 2 1 1 416 414 417
3376 2 2 1 1 743 745 746
3377 2 2 1 1 1553 1520 1554
3378 2 2 1 1 442 441 443
3379 2 2 1 1 2137 403 2325
3380 2 2 1 1 978 902 983
3381 2 2 1 1 440 439 441
3382 2 2 1 1 737 741 742
3383 2 2 1 1 652 650 952
3384 2 2 1 1 871 872 873
3385 2 2 1 1 1280 1254 1281
3386 2 2 1 1 821 823 824
3387 2 2 1 1 2131 780 2203
3388 2 2 1 1 1172 983 1173
3389 2 2 1 1 838 836 840
3390 2 2 1 1 817 819 820
3391 2 2 1 1 141 142 2151
3392 2 2 1 1 988 1127 2190
3393 2 2 1 1 1405 1403 1406
3394 2 2 1 1 1007 1008 1009
3395 2 2 1 1 895 796 955
3396 2 2 1 1 355 354 356
3397 2 2 1 1 729 731 734
3398 2 2 1 1 1144 1343 1346
3399 2 2 1 1 412 410 413
3400 2 2 1 1 408 406 409
3401 2 2 1 1 434 433 435
3402 2 2 1 1 1011 1189 1190
3403 2 2 1 1 1401 1399 1402
3404 2 2 1 1 554 545 2155
3405 2 2 1 1 1379 1316 1398
3406 2 2 1 1 1009 1091 1092
3407 2 2 1 1 547 534 549
3408 2 2 1 1 667 946 2148
3409 2 2 1 1 937 842 2280
3410 2 2 1 1 1559 1557 1560
3411 2 2 1 1 1427 1245 1430
3412 2 2 1 1 150 151 315
3413 2 2 1 1 16 17 316
3414 2 2 1 1 724 726 933
3415 2 2 1 1 966 887 2142
3416 2 2 1 1 863 864 865
3417 2 2 1 1 404 402 405
3418 2 2 1 1 835 2075 2258
3419 2 2 1 1 686 684 793
3420 2 2 1 1 1464 1465 1466
3421 2 2 1 1 1166 1354 1355
3422 2 2 1 1 1250 953 1254
3423 2 2 1 1 717 856 2190
3424 2 2 1 1 1395 1393 1767
3425 2 2 1 1 792 790 924
3426 2 2 1 1 720 722 1003
3427 2 2 1 1 658 920 2154
3428 2 2 1 1 1555 1554 1574
3429 2 2 1 1 428 427 429
3430 2 2 1 1 1384 1283 1392
3431 2 2 1 1 1565 1563 1575
3432 2 2 1 1 1571 1569 1766
3433 2 2 1 1 680 678 953
3434 2 2 1 1 400 398 401
3435 2 2 1 1 780 905 2203
3436 2 2 1 1 1509 1507 1510
3437 2 2 1 1 1579 1573 1580
3438 2 2 1 1 396 394 397
3439 2 2 1 1 852 850 853
3440 2 2 1 1 1625 1626 1627
3441 2 2 1 1 608 783 2153
3442 2 2 1 1 1267 1799 2199
3443 2 2 1 1 988 1097 1127
3444 2 2 1 1 946 663 2154
3445 2 2 1 1 2338 590 2341
3446 2 2 1 1 392 390 393
3447 2 2 1 1 1489 1491 1492
3448 2 2 1 1 786 596 787
3449 2 2 1 1 610 608 2153
3450 2 2 1 1 828 829 830
3451 2 2 1 1 849 848 850
3452 2 2 1 1 1561 1560 1780
3453 2 2 1 1 1237 979 2100
3454 2 2 1 1 1505 1503 1506
3455 2 2 1 1 601 603 2196
3456 2 2 1 1 1451 1237 2182
3457 2 2 1 1 495 493 529
3458 2 2 1 1 1209 1371 2175
3459 2 2 1 1 593 587 945
3460 2 2 1 1 648 646 951
3461 2 2 1 1 1326 1323 1410
3462 2 2 1 1 768 915 2197
3463 2 2 1 1 734 735 857
3464 2 2 1 1 847 807 848
3465 2 2 1 1 680 1249 2171
3466 2 2 1 1 531 526 2164
3467 2 2 1 1 418 417 419
3468 2 2 1 1 1282 1383 2407
3469 2 2 1 1 523 517 524
3470 2 2 1 1 562 559 563
3471 2 2 1 1 582 580 926
3472 2 2 1 1 436 435 2174
3473 2 2 1 1 1249 953 1250
3474 2 2 1 1 1441 1443 1486
3475 2 2 1 1 996 1745 1746
3476 2 2 1 1 268 149 2145
3477 2 2 1 1 18 269 2146
3478 2 2 1 1 1184 1728 1729
3479 2 2 1 1 996 1746 2196
3480 2 2 1 1 1961 1958 2089
3481 2 2 1 1 2144 910 2235
3482 2 2 1 1 1249 1251 2260
3483 2 2 1 1 1140 1141 1142
3484 2 2 1 1 1220 2030 2306
3485 2 2 1 1 576 574 943
3486 2 2 1 1 1184 1729 2197
3487 2 2 1 1 644 642 950
3488 2 2 1 1 1355 1356 1386
3489 2 2 1 1 1518 2144 2235
3490 2 2 1 1 956 1137 1138
3491 2 2 1 1 1171 1439 1440
3492 2 2 1 1 386 384 387
3493 2 2 1 1 2111 1222 2229
3494 2 2 1 1 2166 407 2329
3495 2 2 1 1 533 524 534
3496 2 2 1 1 420 419 2193
3497 2 2 1 1 925 924 1114
3498 2 2 1 1 447 444 2204
3499 2 2 1 1 756 2130 2344
3500 2 2 1 1 813 814 816
3501 2 2 1 1 1250 1254 1280
3502 2 2 1 1 970 1118 2191
3503 2 2 1 1 809 810 811
3504 2 2 1 1 727 1947 2356
3505 2 2 1 1 1115 1114 1387
3506 2 2 1 1 140 141 327
3507 2 2 1 1 26 27 328
3508 2 2 1 1 811 812 813
3509 2 2 1 1 2316 1759 2329
3510 2 2 1 1 975 787 1262
3511 2 2 1 1 1280 1281 1447
3512 2 2 1 1 967 701 2162
3513 2 2 1 1 788 787 975
3514 2 2 1 1 1954 514 2200
3515 2 2 1 1 1309 1306 1421
3516 2 2 1 1 1405 1408 2286
3517 2 2 1 1 989 1110 2165
3518 2 2 1 1 1851 1849 2446
3519 2 2 1 1 572 570 939
3520 2 2 1 1 1060 1058 1062
3521 2 2 1 1 794 793 949
3522 2 2 1 1 806 808 809
3523 2 2 1 1 1492 1493 1513
3524 2 2 1 1 379 376 381
3525 2 2 1 1 1419 1262 1420
3526 2 2 1 1 489 487 536
3527 2 2 1 1 1739 1420 1740
3528 2 2 1 1 398 397 2152
3529 2 2 1 1 2142 989 2165
3530 2 2 1 1 1781 1560 2170
3531 2 2 1 1 701 699 2162
3532 2 2 1 1 640 638 948
3533 2 2 1 1 1315 1378 2303
3534 2 2 1 1 1302 1299 1423
3535 2 2 1 1 568 566 932
3536 2 2 1 1 1557 1555 2170
3537 2 2 1 1 345 343 551
3538 2 2 1 1 1897 1893 2169
3539 2 2 1 1 564 554 2155
3540 2 2 1 1 1114 924 1319
3541 2 2 1 1 1293 1290 1425
3542 2 2 1 1 874 878 2225
3543 2 2 1 1 1056 1054 1065
3544 2 2 1 1 634 632 854
3545 2 2 1 1 1486 1487 1498
3546 2 2 1 1 1464 1466 2113
3547 2 2 1 1 614 610 2153
3548 2 2 1 1 1207 1106 2216
3549 2 2 1 1 1503 1502 2150
3550 2 2 1 1 801 1247 2193
3551 2 2 1 1 1278 1276 1424
3552 2 2 1 1 772 931 1001
3553 2 2 1 1 1261 1260 1502
3554 2 2 1 1 630 628 944
3555 2 2 1 1 1243 1241 1422
3556 2 2 1 1 1746 1760 1768
3557 2 2 1 1 1239 1207 1783
3558 2 2 1 1 626 624 942
3559 2 2 1 1 372 370 519
3560 2 2 1 1 341 339 797
3561 2 2 1 1 1269 1152 1270
3562 2 2 1 1 433 430 2207
3563 2 2 1 1 941 940 1076
3564 2 2 1 1 734 857 1264
3565 2 2 1 1 556 550 940
3566 2 2 1 1 479 477 832
3567 2 2 1 1 1225 2117 2241
3568 2 2 1 1 483 481 539
3569 2 2 1 1 1625 1621 1626
3570 2 2 1 1 1050 1048 1067
3571 2 2 1 1 622 620 938
3572 2 2 1 1 388 387 779
3573 2 2 1 1 866 869 2220
3574 2 2 1 1 1106 914 2216
3575 2 2 1 1 1213 2103 2245
3576 2 2 1 1 618 616 929
3577 2 2 1 1 1259 1102 1260
3578 2 2 1 1 1763 1128 2292
3579 2 2 1 1 584 563 588
3580 2 2 1 1 543 531 2164
3581 2 2 1 1 905 1129 2203
3582 2 2 1 1 843 844 890
3583 2 2 1 1 782 381 1010
3584 2 2 1 1 1440 1441 2157
3585 2 2 1 1 841 842 843
3586 2 2 1 1 1520 1518 2235
3587 2 2 1 1 1046 1044 1069
3588 2 2 1 1 545 784 2155
3589 2 2 1 1 1011 1010 1083
3590 2 2 1 1 475 473 540
3591 2 2 1 1 982 1080 1108
3592 2 2 1 1 890 954 982
3593 2 2 1 1 772 732 931
3594 2 2 1 1 1042 1040 1071
3595 2 2 1 1 1189 1083 1373
3596 2 2 1 1 1619 1617 1623
3597 2 2 1 1 831 863 2215
3598 2 2 1 1 1108 1109 1170
3599 2 2 1 1 594 588 598
3600 2 2 1 1 1248 1090 2191
3601 2 2 1 1 896 598 902
3602 2 2 1 1 615 617 2290
3603 2 2 1 1 975 1262 1419
3604 2 2 1 1 444 443 2204
3605 2 2 1 1 838 840 841
3606 2 2 1 1 469 467 538
3607 2 2 1 1 1331 1525 1526
3608 2 2 1 1 1038 1036 1070
3609 2 2 1 1 1190 1189 1434
3610 2 2 1 1 1264 1382 1432
3611 2 2 1 1 1979 2335 2339
3612 2 2 1 1 714 712 2222
3613 2 2 1 1 723 727 2237
3614 2 2 1 1 427 424 2211
3615 2 2 1 1 1254 2195 2250
3616 2 2 1 1 779 387 1426
3617 2 2 1 1 382 381 782
3618 2 2 1 1 808 804 2201
3619 2 2 1 1 972 970 2191
3620 2 2 1 1 443 528 833
3621 2 2 1 1 841 843 845
3622 2 2 1 1 1419 1420 1739
3623 2 2 1 1 439 436 2174
3624 2 2 1 1 699 1202 2162
3625 2 2 1 1 1264 857 1382
3626 2 2 1 1 366 364 527
3627 2 2 1 1 337 335 1178
3628 2 2 1 1 423 420 2193
3629 2 2 1 1 1034 1032 1068
3630 2 2 1 1 463 461 532
3631 2 2 1 1 14 15 266
3632 2 2 1 1 152 153 267
3633 2 2 1 1 1110 1372 2165
3634 2 2 1 1 735 737 2172
3635 2 2 1 1 2279 2129 2289
3636 2 2 1 1 430 429 2207
3637 2 2 1 1 351 349 2233
3638 2 2 1 1 435 798 1006
3639 2 2 1 1 833 834 835
3640 2 2 1 1 1555 1574 2170
3641 2 2 1 1 837 838 839
3642 2 2 1 1 835 836 837
3643 2 2 1 1 1028 1026 1066
3644 2 2 1 1 1432 1382 1750
3645 2 2 1 1 449 447 1252
3646 2 2 1 1 401 398 2152
3647 2 2 1 1 1024 1022 1064
3648 2 2 1 1 1015 1013 1020
3649 2 2 1 1 1401 1404 2293
3650 2 2 1 1 1222 1224 2229
3651 2 2 1 1 453 451 535
3652 2 2 1 1 1144 1142 1343
3653 2 2 1 1 402 401 2234
3654 2 2 1 1 424 423 2211
3655 2 2 1 1 1006 1075 1245
3656 2 2 1 1 429 799 1253
3657 2 2 1 1 142 296 2151
3658 2 2 1 1 890 982 985
3659 2 2 1 1 417 414 2212
3660 2 2 1 1 414 413 2212
3661 2 2 1 1 1019 1017 1061
3662 2 2 1 1 435 433 798
3663 2 2 1 1 1253 1285 1295
3664 2 2 1 1 1108 1170 1370
3665 2 2 1 1 535 2314 2337
3666 2 2 1 1 1170 1171 2224
3667 2 2 1 1 1521 1454 1594
3668 2 2 1 1 825 828 2218
3669 2 2 1 1 429 427 799
3670 2 2 1 1 726 729 2177
3671 2 2 1 1 443 441 528
3672 2 2 1 1 732 714 2222
3673 2 2 1 1 419 417 800
3674 2 2 1 1 712 1263 2222
3675 2 2 1 1 2125 718 2186
3676 2 2 1 1 1153 904 1154
3677 2 2 1 1 722 724 2178
3678 2 2 1 1 1001 931 1128
3679 2 2 1 1 1506 1503 2150
3680 2 2 1 1 790 788 2179
3681 2 2 1 1 1257 865 1258
3682 2 2 1 1 830 831 2215
3683 2 2 1 1 678 675 2195
3684 2 2 1 1 811 813 815
3685 2 2 1 1 1164 1166 2180
3686 2 2 1 1 850 848 851
3687 2 2 1 1 419 800 801
3688 2 2 1 1 1431 2285 2309
3689 2 2 1 1 1445 1265 1446
3690 2 2 1 1 784 543 2164
3691 2 2 1 1 824 825 2218
3692 2 2 1 1 1090 972 2191
3693 2 2 1 1 1502 1260 1537
3694 2 2 1 1 956 955 1137
3695 2 2 1 1 1741 1420 2267
3696 2 2 1 1 865 866 2220
3697 2 2 1 1 596 593 2187
3698 2 2 1 1 405 402 2234
3699 2 2 1 1 857 735 2172
3700 2 2 1 1 801 802 803
3701 2 2 1 1 356 354 1339
3702 2 2 1 1 1560 1557 2170
3703 2 2 1 1 718 720 2186
3704 2 2 1 1 587 582 2192
3705 2 2 1 1 863 865 1257
3706 2 2 1 1 913 830 961
3707 2 2 1 1 828 830 913
3708 2 2 1 1 1253 799 1285
3709 2 2 1 1 1990 1124 2380
3710 2 2 1 1 803 804 805
3711 2 2 1 1 805 806 807
3712 2 2 1 1 1441 1486 2157
3713 2 2 1 1 1245 1075 1318
3714 2 2 1 1 1295 1285 1979
3715 2 2 1 1 1137 955 1265
3716 2 2 1 1 782 1010 1011
3717 2 2 1 1 1006 798 1075
3718 2 2 1 1 150 315 2145
3719 2 2 1 1 316 17 2146
3720 2 2 1 1 1272 1258 1273
3721 2 2 1 1 873 874 2225
3722 2 2 1 1 801 800 802
3723 2 2 1 1 1102 961 1155
3724 2 2 1 1 1140 1138 1141
3725 2 2 1 1 354 351 2233
3726 2 2 1 1 879 2141 2239
3727 2 2 1 1 796 794 2238
3728 2 2 1 1 1011 1083 1189
3729 2 2 1 1 833 528 834
3730 2 2 1 1 803 802 804
3731 2 2 1 1 435 1006 2174
3732 2 2 1 1 869 871 965
3733 2 2 1 1 1073 1072 1148
3734 2 2 1 1 805 804 806
3735 2 2 1 1 1497 1273 1538
3736 2 2 1 1 1063 1062 1072
3737 2 2 1 1 1316 1225 2241
3738 2 2 1 1 360 358 537
3739 2 2 1 1 1097 1164 2244
3740 2 2 1 1 835 834 836
3741 2 2 1 1 837 836 838
3742 2 2 1 1 1371 1710 2175
3743 2 2 1 1 1487 1489 2185
3744 2 2 1 1 1052 1050 2202
3745 2 2 1 1 1256 800 2212
3746 2 2 1 1 1370 1170 1536
3747 2 2 1 1 1958 1954 2200
3748 2 2 1 1 1379 1400 2297
3749 2 2 1 1 788 975 2179
3750 2 2 1 1 1476 1474 1477
3751 2 2 1 1 384 382 2194
3752 2 2 1 1 349 846 2233
3753 2 2 1 1 1257 1258 1272
3754 2 2 1 1 1539 1273 2265
3755 2 2 1 1 1252 447 2204
3756 2 2 1 1 913 961 1102
3757 2 2 1 1 878 880 981
3758 2 2 1 1 1935 1103 2299
3759 2 2 1 1 737 742 2172
3760 2 2 1 1 1283 1213 2245
3761 2 2 1 1 376 374 2198
3762 2 2 1 1 1149 1148 1340
3763 2 2 1 1 1058 1056 2188
3764 2 2 1 1 1272 1273 1497
3765 2 2 1 1 1780 590 2338
3766 2 2 1 1 1429 799 2211
3767 2 2 1 1 1783 1207 2216
3768 2 2 1 1 1384 1394 2392
3769 2 2 1 1 978 1174 2252
3770 2 2 1 1 882 888 1093
3771 2 2 1 1 1786 1787 2272
3772 2 2 1 1 1254 953 2195
3773 2 2 1 1 1271 1270 1473
3774 2 2 1 1 1224 1396 2229
3775 2 2 1 1 1498 1487 2185
3776 2 2 1 1 1358 1380 2249
3777 2 2 1 1 1386 1356 2251
3778 2 2 1 1 729 734 2177
3779 2 2 1 1 1515 1700 1774
3780 2 2 1 1 693 696 2253
3781 2 2 1 1 1103 1094 2299
3782 2 2 1 1 933 726 2177
3783 2 2 1 1 798 433 2207
3784 2 2 1 1 1137 1265 1445
3785 2 2 1 1 724 933 2178
3786 2 2 1 1 691 693 2253
3787 2 2 1 1 347 345 2184
3788 2 2 1 1 913 1259 2218
3789 2 2 1 1 924 790 2179
3790 2 2 1 1 1166 1355 2180
3791 2 2 1 1 1003 722 2178
3792 2 2 1 1 2187 945 2267
3793 2 2 1 1 1252 2204 2258
3794 2 2 1 1 1171 1440 2224
3795 2 2 1 1 1554 1520 2235
3796 2 2 1 1 1356 1358 2251
3797 2 2 1 1 794 949 2238
3798 2 2 1 1 419 801 2193
3799 2 2 1 1 409 406 2254
3800 2 2 1 1 1236 1454 1521
3801 2 2 1 1 953 678 2195
3802 2 2 1 1 1255 691 2253
3803 2 2 1 1 1048 1046 2209
3804 2 2 1 1 382 782 2194
3805 2 2 1 1 878 981 2225
3806 2 2 1 1 1044 1042 2213
3807 2 2 1 1 787 596 2187
3808 2 2 1 1 720 1003 2186
3809 2 2 1 1 1237 2100 2182
3810 2 2 1 1 1259 1261 2240
3811 2 2 1 1 869 965 2220
3812 2 2 1 1 863 1257 2215
3813 2 2 1 1 955 796 2238
3814 2 2 1 1 799 427 2211
3815 2 2 1 1 593 945 2187
3816 2 2 1 1 941 1076 1145
3817 2 2 1 1 2240 1504 2274
3818 2 2 1 1 12 13 318
3819 2 2 1 1 154 155 317
3820 2 2 1 1 945 587 2192
3821 2 2 1 1 994 922 1007
3822 2 2 1 1 898 904 1153
3823 2 2 1 1 1148 1072 1150
3824 2 2 1 1 1040 1038 2219
3825 2 2 1 1 1154 1234 1472
3826 2 2 1 1 582 926 2192
3827 2 2 1 1 1127 1097 2244
3828 2 2 1 1 2181 512 2390
3829 2 2 1 1 931 732 2222
3830 2 2 1 1 1489 1492 2185
3831 2 2 1 1 800 417 2212
3832 2 2 1 1 1346 1343 1782
3833 2 2 1 1 1036 1034 2221
3834 2 2 1 1 327 141 2151
3835 2 2 1 1 443 833 2204
3836 2 2 1 1 828 913 2218
3837 2 2 1 1 1504 1505 2248
3838 2 2 1 1 556 941 1074
3839 2 2 1 1 1262 787 2187
3840 2 2 1 1 846 347 2184
3841 2 2 1 1 1398 1316 2241
3842 2 2 1 1 2089 1958 2200
3843 2 2 1 1 2204 833 2258
3844 2 2 1 1 1188 1751 1752
3845 2 2 1 1 750 751 2277
3846 2 2 1 1 465 463 2226
3847 2 2 1 1 2071 2203 2268
3848 2 2 1 1 538 1831 2431
3849 2 2 1 1 549 550 555
3850 2 2 1 1 429 1253 2207
3851 2 2 1 1 556 940 941
3852 2 2 1 1 387 384 2194
3853 2 2 1 1 1319 924 2179
3854 2 2 1 1 1262 2187 2267
3855 2 2 1 1 616 614 2231
3856 2 2 1 1 1536 1170 2224
3857 2 2 1 1 406 405 2254
3858 2 2 1 1 1574 2279 2289
3859 2 2 1 1 1508 1509 2342
3860 2 2 1 1 1392 1283 2245
3861 2 2 1 1 1026 1024 2228
3862 2 2 1 1 11 12 2217
3863 2 2 1 1 2188 1065 2189
3864 2 2 1 1 734 1264 2177
3865 2 2 1 1 2220 965 2265
3866 2 2 1 1 2212 413 2271
3867 2 2 1 1 413 410 2270
3868 2 2 1 1 1164 2180 2244
3869 2 2 1 1 696 922 994
3870 2 2 1 1 381 376 2198
3871 2 2 1 1 1050 1067 2202
3872 2 2 1 1 1258 865 2220
3873 2 2 1 1 1062 1058 2188
3874 2 2 1 1 961 830 2215
3875 2 2 1 1 549 534 550
3876 2 2 1 1 1339 354 2233
3877 2 2 1 1 1382 1747 2256
3878 2 2 1 1 910 2129 2279
3879 2 2 1 1 1017 1015 2232
3880 2 2 1 1 674 2148 2250
3881 2 2 1 1 1056 1065 2188
3882 2 2 1 1 793 2171 2260
3883 2 2 1 1 1067 1048 2209
3884 2 2 1 1 1010 381 2198
3885 2 2 1 1 1046 1069 2209
3886 2 2 1 1 345 551 2184
3887 2 2 1 1 1042 1071 2213
3888 2 2 1 1 1069 1044 2213
3889 2 2 1 1 1426 387 2194
3890 2 2 1 1 1258 2220 2265
3891 2 2 1 1 1071 1040 2219
3892 2 2 1 1 821 824 2274
3893 2 2 1 1 1750 1382 2256
3894 2 2 1 1 1038 1070 2219
3895 2 2 1 1 929 616 2231
3896 2 2 1 1 2194 782 2275
3897 2 2 1 1 1188 1147 1311
3898 2 2 1 1 1067 2209 2210
3899 2 2 1 1 1358 2249 2251
3900 2 2 1 1 2248 1508 2318
3901 2 2 1 1 1281 1254 2250
3902 2 2 1 1 1752 2362 2421
3903 2 2 1 1 10 11 274
3904 2 2 1 1 156 157 275
3905 2 2 1 1 1070 1036 2221
3906 2 2 1 1 839 838 2236
3907 2 2 1 1 343 341 2227
3908 2 2 1 1 1034 1068 2221
3909 2 2 1 1 2203 1129 2268
3910 2 2 1 1 614 2153 2231
3911 2 2 1 1 1395 1967 2382
3912 2 2 1 1 1265 955 2238
3913 2 2 1 1 555 550 556
3914 2 2 1 1 463 532 2226
3915 2 2 1 1 994 1007 1284
3916 2 2 1 1 2235 910 2279
3917 2 2 1 1 841 845 2236
3918 2 2 1 1 949 793 2260
3919 2 2 1 1 1266 2255 2285
3920 2 2 1 1 1011 1190 2275
3921 2 2 1 1 1138 1137 2247
3922 2 2 1 1 2238 949 2282
3923 2 2 1 1 1024 1064 2228
3924 2 2 1 1 2413 1280 2418
3925 2 2 1 1 1066 1026 2228
3926 2 2 1 1 1398 2124 2301
3927 2 2 1 1 1407 1406 2329
3928 2 2 1 1 1392 2085 2308
3929 2 2 1 1 1015 1020 2232
3930 2 2 1 1 1781 2313 2320
3931 2 2 1 1 838 841 2236
3932 2 2 1 1 1473 1270 1516
3933 2 2 1 1 1061 1017 2232
3934 2 2 1 1 1478 1477 1522
3935 2 2 1 1 339 337 2230
3936 2 2 1 1 507 503 2309
3937 2 2 1 1 1141 1138 2247
3938 2 2 1 1 1805 1255 2310
3939 2 2 1 1 1406 2166 2329
3940 2 2 1 1 1422 1241 2264
3941 2 2 1 1 1152 1149 2262
3942 2 2 1 1 1239 1783 2264
3943 2 2 1 1 1149 1340 2262
3944 2 2 1 1 813 816 2243
3945 2 2 1 1 1256 2212 2271
3946 2 2 1 1 1428 2198 2273
3947 2 2 1 1 2304 2113 2322
3948 2 2 1 1 940 550 2255
3949 2 2 1 1 824 2240 2274
3950 2 2 1 1 441 439 2259
3951 2 2 1 1 743 746 2294
3952 2 2 1 1 815 813 2243
3953 2 2 1 1 968 967 2307
3954 2 2 1 1 696 994 2253
3955 2 2 1 1 1554 2235 2279
3956 2 2 1 1 341 797 2227
3957 2 2 1 1 410 409 2270
3958 2 2 1 1 1241 1239 2264
3959 2 2 1 1 2313 583 2320
3960 2 2 1 1 893 739 2305
3961 2 2 1 1 528 441 2259
3962 2 2 1 1 2360 1976 2363
3963 2 2 1 1 413 2270 2271
3964 2 2 1 1 749 748 2322
3965 2 2 1 1 439 2174 2259
3966 2 2 1 1 1129 1411 2268
3967 2 2 1 1 1399 1398 2301
3968 2 2 1 1 1448 1281 2283
3969 2 2 1 1 372 519 2273
3970 2 2 1 1 551 343 2227
3971 2 2 1 1 833 835 2258
3972 2 2 1 1 1785 2196 2257
3973 2 2 1 1 2132 1397 2304
3974 2 2 1 1 1137 1445 2247
3975 2 2 1 1 2171 1249 2260
3976 2 2 1 1 1426 2194 2275
3977 2 2 1 1 1787 1790 2272
3978 2 2 1 1 1092 1147 1188
3979 2 2 1 1 1397 1461 2304
3980 2 2 1 1 374 372 2273
3981 2 2 1 1 559 555 2246
3982 2 2 1 1 2198 374 2273
3983 2 2 1 1 1270 1152 2262
3984 2 2 1 1 2174 1427 2259
3985 2 2 1 1 797 339 2230
3986 2 2 1 1 1393 1392 2308
3987 2 2 1 1 1253 1295 2276
3988 2 2 1 1 534 524 2255
3989 2 2 1 1 337 1178 2230
3990 2 2 1 1 565 567 2320
3991 2 2 1 1 556 1074 2246
3992 2 2 1 1 1420 1262 2267
3993 2 2 1 1 2196 1746 2257
3994 2 2 1 1 1488 1443 2328
3995 2 2 1 1 2176 1131 2324
3996 2 2 1 1 820 821 2274
3997 2 2 1 1 1273 1258 2265
3998 2 2 1 1 751 754 2277
3999 2 2 1 1 798 2207 2276
4000 2 2 1 1 588 563 589
4001 2 2 1 1 1746 1768 2257
4002 2 2 1 1 1747 2172 2284
4003 2 2 1 1 2153 783 2261
4004 2 2 1 1 1265 2238 2282
4005 2 2 1 1 2211 423 2278
4006 2 2 1 1 902 598 903
4007 2 2 1 1 1188 1311 1751
4008 2 2 1 1 1155 961 2281
4009 2 2 1 1 407 408 2316
4010 2 2 1 1 2207 1253 2276
4011 2 2 1 1 1849 2429 2446
4012 2 2 1 1 2215 1257 2281
4013 2 2 1 1 1174 1515 2252
4014 2 2 1 1 2250 2148 2283
4015 2 2 1 1 621 623 2332
4016 2 2 1 1 1404 1405 2286
4017 2 2 1 1 555 556 2246
4018 2 2 1 1 938 1914 2408
4019 2 2 1 1 842 840 2280
4020 2 2 1 1 668 615 2290
4021 2 2 1 1 2299 1364 2300
4022 2 2 1 1 1313 1331 1743
4023 2 2 1 1 2365 1432 2375
4024 2 2 1 1 1574 1554 2279
4025 2 2 1 1 1150 1072 2263
4026 2 2 1 1 961 2215 2281
4027 2 2 1 1 550 534 2255
4028 2 2 1 1 423 2193 2278
4029 2 2 1 1 783 2149 2317
4030 2 2 1 1 1759 1407 2329
4031 2 2 1 1 782 1011 2275
4032 2 2 1 1 1464 2113 2304
4033 2 2 1 1 524 517 2285
4034 2 2 1 1 1075 798 2276
4035 2 2 1 1 1448 2283 2302
4036 2 2 1 1 2260 1251 2298
4037 2 2 1 1 2148 946 2283
4038 2 2 1 1 2172 742 2284
4039 2 2 1 1 1252 2120 2314
4040 2 2 1 1 1009 1092 2266
4041 2 2 1 1 2351 2023 2354
4042 2 2 1 1 7 8 299
4043 2 2 1 1 159 160 298
4044 2 2 1 1 1516 1270 2262
4045 2 2 1 1 1128 931 2292
4046 2 2 1 1 528 2259 2311
4047 2 2 1 1 456 455 2323
4048 2 2 1 1 1446 1265 2282
4049 2 2 1 1 997 1794 2531
4050 2 2 1 1 1281 2250 2283
4051 2 2 1 1 2231 2153 2261
4052 2 2 1 1 932 1976 2360
4053 2 2 1 1 937 2280 2333
4054 2 2 1 1 1072 1062 2263
4055 2 2 1 1 939 2057 2369
4056 2 2 1 1 1429 2211 2278
4057 2 2 1 1 1856 1855 2371
4058 2 2 1 1 2129 2059 2289
4059 2 2 1 1 817 820 2318
4060 2 2 1 1 1257 1272 2281
4061 2 2 1 1 1515 1774 2252
4062 2 2 1 1 12 318 2217
4063 2 2 1 1 1400 1401 2293
4064 2 2 1 1 1062 2188 2263
4065 2 2 1 1 1402 2137 2325
4066 2 2 1 1 1188 1752 2266
4067 2 2 1 1 742 743 2294
4068 2 2 1 1 1403 1402 2325
4069 2 2 1 1 1173 1175 1483
4070 2 2 1 1 2193 1247 2278
4071 2 2 1 1 1243 1422 2315
4072 2 2 1 1 2314 2120 2337
4073 2 2 1 1 2283 946 2302
4074 2 2 1 1 2366 1770 2379
4075 2 2 1 1 2188 2189 2263
4076 2 2 1 1 449 1252 2314
4077 2 2 1 1 535 451 2314
4078 2 2 1 1 1078 853 2330
4079 2 2 1 1 1378 1379 2297
4080 2 2 1 1 840 836 2321
4081 2 2 1 1 1317 1315 2303
4082 2 2 1 1 571 573 2341
4083 2 2 1 1 2132 2304 2322
4084 2 2 1 1 1094 1364 2299
4085 2 2 1 1 1964 537 2494
4086 2 2 1 1 820 2248 2318
4087 2 2 1 1 274 11 2217
4088 2 2 1 1 2255 524 2285
4089 2 2 1 1 1427 1430 2311
4090 2 2 1 1 2284 742 2294
4091 2 2 1 1 1435 1220 2306
4092 2 2 1 1 2259 1427 2311
4093 2 2 1 1 2170 1574 2313
4094 2 2 1 1 1741 2267 2291
4095 2 2 1 1 2309 503 2349
4096 2 2 1 1 563 559 2288
4097 2 2 1 1 2369 2057 2376
4098 2 2 1 1 849 852 2339
4099 2 2 1 1 927 893 2305
4100 2 2 1 1 1402 1399 2301
4101 2 2 1 1 2161 1005 2340
4102 2 2 1 1 2362 1752 2372
4103 2 2 1 1 945 2192 2291
4104 2 2 1 1 1780 1781 2331
4105 2 2 1 1 2222 1263 2292
4106 2 2 1 1 1092 1188 2266
4107 2 2 1 1 946 2154 2302
4108 2 2 1 1 559 2246 2288
4109 2 2 1 1 1424 1276 2326
4110 2 2 1 1 1118 968 2307
4111 2 2 1 1 1461 1464 2304
4112 2 2 1 1 949 2260 2298
4113 2 2 1 1 6 7 2295
4114 2 2 1 1 160 161 2296
4115 2 2 1 1 1173 983 1175
4116 2 2 1 1 1758 1435 2441
4117 2 2 1 1 1255 2253 2310
4118 2 2 1 1 2335 1131 2339
4119 2 2 1 1 2289 583 2313
4120 2 2 1 1 598 588 2287
4121 2 2 1 1 850 851 2327
4122 2 2 1 1 517 507 2309
4123 2 2 1 1 931 2222 2292
4124 2 2 1 1 1794 1793 2535
4125 2 2 1 1 2155 2023 2351
4126 2 2 1 1 1483 1175 1535
4127 2 2 1 1 1767 1393 2308
4128 2 2 1 1 1430 1245 2333
4129 2 2 1 1 2267 945 2291
4130 2 2 1 1 577 579 2353
4131 2 2 1 1 2063 1759 2316
4132 2 2 1 1 1561 1780 2338
4133 2 2 1 1 1978 1975 2354
4134 2 2 1 1 806 809 2336
4135 2 2 1 1 627 629 2355
4136 2 2 1 1 589 563 2288
4137 2 2 1 1 851 848 2334
4138 2 2 1 1 1575 1563 2338
4139 2 2 1 1 2130 1466 2344
4140 2 2 1 1 1979 1285 2335
4141 2 2 1 1 2253 994 2310
4142 2 2 1 1 2318 1508 2342
4143 2 2 1 1 1466 1467 2344
4144 2 2 1 1 1274 1243 2315
4145 2 2 1 1 2311 1430 2321
4146 2 2 1 1 451 449 2314
4147 2 2 1 1 588 589 2287
4148 2 2 1 1 2282 949 2298
4149 2 2 1 1 903 598 2287
4150 2 2 1 1 1574 2289 2313
4151 2 2 1 1 834 528 2311
4152 2 2 1 1 1781 2170 2313
4153 2 2 1 1 2285 517 2309
4154 2 2 1 1 581 586 2358
4155 2 2 1 1 1404 2286 2477
4156 2 2 1 1 1435 2439 2441
4157 2 2 1 1 1101 1248 2348
4158 2 2 1 1 2367 1951 2370
4159 2 2 1 1 1429 2278 2324
4160 2 2 1 1 994 1284 2310
4161 2 2 1 1 2278 1247 2324
4162 2 2 1 1 5 6 330
4163 2 2 1 1 161 162 329
4164 2 2 1 1 2371 1855 2389
4165 2 2 1 1 1278 1424 2343
4166 2 2 1 1 501 522 2349
4167 2 2 1 1 2280 1430 2333
4168 2 2 1 1 1565 1575 2346
4169 2 2 1 1 342 344 2362
4170 2 2 1 1 816 817 2318
4171 2 2 1 1 440 442 2366
4172 2 2 1 1 2324 1131 2335
4173 2 2 1 1 1400 2293 2480
4174 2 2 1 1 1130 1805 2319
4175 2 2 1 1 1973 1974 2363
4176 2 2 1 1 1286 1857 2337
4177 2 2 1 1 902 903 2312
4178 2 2 1 1 583 565 2320
4179 2 2 1 1 1005 2086 2379
4180 2 2 1 1 834 2311 2321
4181 2 2 1 1 1766 1569 2352
4182 2 2 1 1 1378 2297 2482
4183 2 2 1 1 1425 1290 2350
4184 2 2 1 1 459 456 2323
4185 2 2 1 1 932 566 2351
4186 2 2 1 1 983 902 2312
4187 2 2 1 1 1915 2410 2416
4188 2 2 1 1 1247 2176 2324
4189 2 2 1 1 2535 1793 2537
4190 2 2 1 1 1274 2315 2326
4191 2 2 1 1 564 2155 2351
4192 2 2 1 1 1276 1274 2326
4193 2 2 1 1 1118 2081 2373
4194 2 2 1 1 1406 1403 2325
4195 2 2 1 1 633 635 2368
4196 2 2 1 1 2261 783 2317
4197 2 2 1 1 748 2132 2322
4198 2 2 1 1 1571 1766 2357
4199 2 2 1 1 1493 1491 2476
4200 2 2 1 1 1580 1573 2357
4201 2 2 1 1 1284 1007 2347
4202 2 2 1 1 853 850 2327
4203 2 2 1 1 836 834 2321
4204 2 2 1 1 1763 2292 2340
4205 2 2 1 1 1443 1442 2328
4206 2 2 1 1 2320 567 2331
4207 2 2 1 1 1439 1438 2452
4208 2 2 1 1 2292 1263 2340
4209 2 2 1 1 1436 1078 2330
4210 2 2 1 1 1435 2306 2439
4211 2 2 1 1 1781 2320 2331
4212 2 2 1 1 665 621 2332
4213 2 2 1 1 2180 1355 2356
4214 2 2 1 1 1431 2309 2349
4215 2 2 1 1 1845 1832 2443
4216 2 2 1 1 1109 1080 2447
4217 2 2 1 1 939 570 2360
4218 2 2 1 1 535 1856 2371
4219 2 2 1 1 568 932 2360
4220 2 2 1 1 1080 954 2440
4221 2 2 1 1 1293 1425 2361
4222 2 2 1 1 848 807 2334
4223 2 2 1 1 2120 1286 2337
4224 2 2 1 1 1134 1444 2370
4225 2 2 1 1 1175 983 2312
4226 2 2 1 1 778 2428 2493
4227 2 2 1 1 1285 1429 2335
4228 2 2 1 1 1124 1267 2375
4229 2 2 1 1 807 806 2336
4230 2 2 1 1 1245 1318 2333
4231 2 2 1 1 7 299 2295
4232 2 2 1 1 298 160 2296
4233 2 2 1 1 1264 1432 2365
4234 2 2 1 1 1009 2266 2347
4235 2 2 1 1 1947 2180 2356
4236 2 2 1 1 2349 522 2359
4237 2 2 1 1 1423 1299 2364
4238 2 2 1 1 2334 807 2336
4239 2 2 1 1 639 641 2378
4240 2 2 1 1 816 2318 2342
4241 2 2 1 1 1563 1561 2338
4242 2 2 1 1 2457 1190 2473
4243 2 2 1 1 1318 1075 2367
4244 2 2 1 1 943 574 2369
4245 2 2 1 1 572 939 2369
4246 2 2 1 1 1760 1761 2390
4247 2 2 1 1 590 571 2341
4248 2 2 1 1 1131 849 2339
4249 2 2 1 1 1263 2161 2340
4250 2 2 1 1 336 338 2385
4251 2 2 1 1 453 535 2371
4252 2 2 1 1 1417 1771 2434
4253 2 2 1 1 1288 1278 2343
4254 2 2 1 1 1302 1423 2374
4255 2 2 1 1 2474 815 2475
4256 2 2 1 1 1429 2324 2335
4257 2 2 1 1 645 647 2387
4258 2 2 1 1 1080 2440 2447
4259 2 2 1 1 1885 1884 2450
4260 2 2 1 1 2199 933 2365
4261 2 2 1 1 1899 1891 2403
4262 2 2 1 1 1421 1306 2377
4263 2 2 1 1 1467 1470 2344
4264 2 2 1 1 2226 1847 2427
4265 2 2 1 1 933 2177 2365
4266 2 2 1 1 2243 816 2342
4267 2 2 1 1 2199 2365 2375
4268 2 2 1 1 669 651 2395
4269 2 2 1 1 653 702 2395
4270 2 2 1 1 503 501 2349
4271 2 2 1 1 2191 1118 2373
4272 2 2 1 1 1295 1951 2367
4273 2 2 1 1 1567 1565 2346
4274 2 2 1 1 702 655 2398
4275 2 2 1 1 1479 1101 2348
4276 2 2 1 1 657 2091 2398
4277 2 2 1 1 330 6 2295
4278 2 2 1 1 161 329 2296
4279 2 2 1 1 1493 2476 2478
4280 2 2 1 1 1956 1959 2394
4281 2 2 1 1 1007 1009 2347
4282 2 2 1 1 1288 2343 2350
4283 2 2 1 1 1290 1288 2350
4284 2 2 1 1 558 1796 2421
4285 2 2 1 1 1320 2424 2492
4286 2 2 1 1 1569 1567 2352
4287 2 2 1 1 929 1915 2416
4288 2 2 1 1 1309 1421 2383
4289 2 2 1 1 566 564 2351
4290 2 2 1 1 1567 2346 2352
4291 2 2 1 1 1904 1901 2402
4292 2 2 1 1 576 943 2384
4293 2 2 1 1 1768 1760 2390
4294 2 2 1 1 597 577 2353
4295 2 2 1 1 1410 1323 2386
4296 2 2 1 1 2023 1978 2354
4297 2 2 1 1 2270 409 2382
4298 2 2 1 1 661 627 2355
4299 2 2 1 1 378 2414 2479
4300 2 2 1 1 1889 1890 2412
4301 2 2 1 1 926 580 2388
4302 2 2 1 1 1326 1410 2391
4303 2 2 1 1 1908 1906 2410
4304 2 2 1 1 1738 1330 2393
4305 2 2 1 1 1482 1335 2396
4306 2 2 1 1 1788 527 2487
4307 2 2 1 1 1333 1738 2396
4308 2 2 1 1 1437 2484 2485
4309 2 2 1 1 1481 1482 2399
4310 2 2 1 1 1573 1571 2357
4311 2 2 1 1 1751 1311 2381
4312 2 2 1 1 2276 1295 2367
4313 2 2 1 1 1355 1386 2356
4314 2 2 1 1 765 581 2358
4315 2 2 1 1 1967 2270 2382
4316 2 2 1 1 2150 1640 2722
4317 2 2 1 1 944 628 2401
4318 2 2 1 1 626 942 2401
4319 2 2 1 1 2254 405 2392
4320 2 2 1 1 1296 1431 2359
4321 2 2 1 1 570 568 2360
4322 2 2 1 1 1297 1293 2361
4323 2 2 1 1 1313 1743 2381
4324 2 2 1 1 854 632 2405
4325 2 2 1 1 630 944 2405
4326 2 2 1 1 1431 2349 2359
4327 2 2 1 1 512 1768 2390
4328 2 2 1 1 344 558 2362
4329 2 2 1 1 532 461 2406
4330 2 2 1 1 942 624 2408
4331 2 2 1 1 622 938 2408
4332 2 2 1 1 2531 1794 2535
4333 2 2 1 1 1976 1973 2363
4334 2 2 1 1 1250 1280 2413
4335 2 2 1 1 2108 1989 2461
4336 2 2 1 1 2234 401 2407
4337 2 2 1 1 2397 1444 2437
4338 2 2 1 1 316 2183 2634
4339 2 2 1 1 1394 2254 2392
4340 2 2 1 1 2086 440 2366
4341 2 2 1 1 938 620 2416
4342 2 2 1 1 618 929 2416
4343 2 2 1 1 1299 1297 2364
4344 2 2 1 1 1642 1644 2409
4345 2 2 1 1 1297 2361 2364
4346 2 2 1 1 1828 1825 2433
4347 2 2 1 1 634 854 2419
4348 2 2 1 1 2427 1847 2443
4349 2 2 1 1 1945 519 2483
4350 2 2 1 1 1874 520 2519
4351 2 2 1 1 1863 1864 2450
4352 2 2 1 1 2072 2432 2434
4353 2 2 1 1 2097 1434 2470
4354 2 2 1 1 948 638 2422
4355 2 2 1 1 975 1419 2423
4356 2 2 1 1 2135 397 2425
4357 2 2 1 1 659 633 2368
4358 2 2 1 1 1383 2234 2407
4359 2 2 1 1 1074 941 2420
4360 2 2 1 1 1476 1478 2549
4361 2 2 1 1 2177 1264 2365
4362 2 2 1 1 397 394 2425
4363 2 2 1 1 1988 1987 2466
4364 2 2 1 1 2192 926 2417
4365 2 2 1 1 342 2362 2372
4366 2 2 1 1 1475 1476 2547
4367 2 2 1 1 574 572 2369
4368 2 2 1 1 1951 1134 2370
4369 2 2 1 1 1387 1114 2424
4370 2 2 1 1 1824 1833 2438
4371 2 2 1 1 1882 1879 2445
4372 2 2 1 1 455 453 2371
4373 2 2 1 1 2072 393 2432
4374 2 2 1 1 2246 1074 2404
4375 2 2 1 1 1880 1885 2445
4376 2 2 1 1 538 467 2427
4377 2 2 1 1 1248 2191 2373
4378 2 2 1 1 2347 2266 2421
4379 2 2 1 1 459 2323 2406
4380 2 2 1 1 1075 2276 2367
4381 2 2 1 1 455 2371 2389
4382 2 2 1 1 465 2226 2427
4383 2 2 1 1 954 844 2437
4384 2 2 1 1 1743 1331 2411
4385 2 2 1 1 388 779 2432
4386 2 2 1 1 1304 1302 2374
4387 2 2 1 1 2231 2261 2415
4388 2 2 1 1 393 390 2432
4389 2 2 1 1 2330 853 2452
4390 2 2 1 1 540 473 2430
4391 2 2 1 1 2340 1005 2379
4392 2 2 1 1 469 538 2431
4393 2 2 1 1 746 747 2439
4394 2 2 1 1 1319 2179 2423
4395 2 2 1 1 248 2061 2669
4396 2 2 1 1 2370 1444 2397
4397 2 2 1 1 2057 2056 2376
4398 2 2 1 1 832 477 2435
4399 2 2 1 1 475 540 2435
4400 2 2 1 1 2261 1912 2415
4401 2 2 1 1 1834 1837 2448
4402 2 2 1 1 1124 2375 2380
4403 2 2 1 1 2323 1853 2406
4404 2 2 1 1 1306 1304 2377
4405 2 2 1 1 1304 2374 2377
4406 2 2 1 1 950 642 2442
4407 2 2 1 1 640 948 2442
4408 2 2 1 1 1267 2199 2375
4409 2 2 1 1 1862 1867 2455
4410 2 2 1 1 1864 1861 2455
4411 2 2 1 1 479 832 2444
4412 2 2 1 1 539 481 2444
4413 2 2 1 1 660 639 2378
4414 2 2 1 1 951 646 2449
4415 2 2 1 1 644 950 2449
4416 2 2 1 1 2547 1476 2549
4417 2 2 1 1 2306 746 2439
4418 2 2 1 1 2494 1339 2522
4419 2 2 1 1 1801 1475 2545
4420 2 2 1 1 1770 1763 2379
4421 2 2 1 1 1336 2078 2466
4422 2 2 1 1 867 2082 2467
4423 2 2 1 1 1432 1750 2380
4424 2 2 1 1 1345 1801 2542
4425 2 2 1 1 1321 1309 2383
4426 2 2 1 1 1311 1313 2381
4427 2 2 1 1 937 2397 2437
4428 2 2 1 1 1868 1869 2454
4429 2 2 1 1 409 2254 2382
4430 2 2 1 1 2478 1509 2489
4431 2 2 1 1 920 656 2458
4432 2 2 1 1 522 499 2460
4433 2 2 1 1 652 952 2453
4434 2 2 1 1 578 576 2384
4435 2 2 1 1 952 650 2456
4436 2 2 1 1 338 591 2385
4437 2 2 1 1 648 951 2456
4438 2 2 1 1 1323 1321 2386
4439 2 2 1 1 1841 1840 2461
4440 2 2 1 1 1321 2383 2386
4441 2 2 1 1 483 539 2459
4442 2 2 1 1 1796 2347 2421
4443 2 2 1 1 664 645 2387
4444 2 2 1 1 1387 2424 2493
4445 2 2 1 1 1438 2330 2452
4446 2 2 1 1 495 529 2463
4447 2 2 1 1 532 2406 2446
4448 2 2 1 1 1961 521 2472
4449 2 2 1 1 1763 2340 2379
4450 2 2 1 1 578 2384 2388
4451 2 2 1 1 580 578 2388
4452 2 2 1 1 536 487 2462
4453 2 2 1 1 1319 2423 2492
4454 2 2 1 1 2323 455 2389
4455 2 2 1 1 1328 1326 2391
4456 2 2 1 1 529 493 2465
4457 2 2 1 1 489 536 2464
4458 2 2 1 1 144 145 2469
4459 2 2 1 1 1732 2165 2520
4460 2 2 1 1 1330 1328 2393
4461 2 2 1 1 1940 1939 2525
4462 2 2 1 1 1960 1956 2394
4463 2 2 1 1 651 653 2395
4464 2 2 1 1 1328 2391 2393
4465 2 2 1 1 1335 1333 2396
4466 2 2 1 1 2471 1961 2472
4467 2 2 1 1 2336 809 2474
4468 2 2 1 1 405 2234 2392
4469 2 2 1 1 655 657 2398
4470 2 2 1 1 1533 1481 2399
4471 2 2 1 1 1995 1428 2481
4472 2 2 1 1 1733 1533 2400
4473 2 2 1 1 1790 1789 2491
4474 2 2 1 1 937 2333 2397
4475 2 2 1 1 1533 2399 2400
4476 2 2 1 1 1959 1961 2471
4477 2 2 1 1 2394 1959 2417
4478 2 2 1 1 1964 1963 2491
4479 2 2 1 1 628 626 2401
4480 2 2 1 1 2275 1190 2457
4481 2 2 1 1 1902 1899 2403
4482 2 2 1 1 2495 846 2533
4483 2 2 1 1 1914 1904 2402
4484 2 2 1 1 1434 1189 2470
4485 2 2 1 1 1491 1490 2475
4486 2 2 1 1 632 630 2405
4487 2 2 1 1 461 459 2406
4488 2 2 1 1 624 622 2408
4489 2 2 1 1 1644 1660 2409
4490 2 2 1 1 2542 1801 2545
4491 2 2 1 1 811 815 2474
4492 2 2 1 1 1915 1908 2410
4493 2 2 1 1 401 2152 2407
4494 2 2 1 1 1896 1889 2412
4495 2 2 1 1 1251 1250 2413
4496 2 2 1 1 1449 1791 2534
4497 2 2 1 1 2288 2246 2404
4498 2 2 1 1 1416 2457 2473
4499 2 2 1 1 926 2394 2417
4500 2 2 1 1 2549 1478 2551
4501 2 2 1 1 2375 1432 2380
4502 2 2 1 1 1377 1268 2527
4503 2 2 1 1 521 375 2479
4504 2 2 1 1 1331 1526 2411
4505 2 2 1 1 954 2437 2440
4506 2 2 1 1 1739 1740 2414
4507 2 2 1 1 754 755 2477
4508 2 2 1 1 620 618 2416
4509 2 2 1 1 1588 1755 2526
4510 2 2 1 1 1280 1447 2418
4511 2 2 1 1 1736 2336 2474
4512 2 2 1 1 636 634 2419
4513 2 2 1 1 929 2231 2415
4514 2 2 1 1 2333 1318 2397
4515 2 2 1 1 941 1145 2420
4516 2 2 1 1 1485 1229 2490
4517 2 2 1 1 235 236 2562
4518 2 2 1 1 163 164 2564
4519 2 2 1 1 520 508 2523
4520 2 2 1 1 2545 1475 2547
4521 2 2 1 1 758 759 2480
4522 2 2 1 1 2286 754 2477
4523 2 2 1 1 638 636 2422
4524 2 2 1 1 1884 1863 2450
4525 2 2 1 1 636 2419 2422
4526 2 2 1 1 2291 2192 2417
4527 2 2 1 1 1320 1797 2493
4528 2 2 1 1 762 763 2482
4529 2 2 1 1 2179 975 2423
4530 2 2 1 1 1391 1337 2485
4531 2 2 1 1 1737 1206 2492
4532 2 2 1 1 1670 1668 2486
4533 2 2 1 1 522 2460 2501
4534 2 2 1 1 1114 1319 2424
4535 2 2 1 1 2293 758 2480
4536 2 2 1 1 2266 1752 2421
4537 2 2 1 1 394 393 2425
4538 2 2 1 1 1895 1897 2426
4539 2 2 1 1 1341 1452 2521
4540 2 2 1 1 519 370 2483
4541 2 2 1 1 467 465 2427
4542 2 2 1 1 1590 1588 2526
4543 2 2 1 1 2525 1939 2528
4544 2 2 1 1 1592 1591 2436
4545 2 2 1 1 366 527 2484
4546 2 2 1 1 2472 521 2479
4547 2 2 1 1 1731 1387 2428
4548 2 2 1 1 2297 762 2482
4549 2 2 1 1 1318 2370 2397
4550 2 2 1 1 2228 2701 2738
4551 2 2 1 1 1830 1828 2433
4552 2 2 1 1 473 471 2430
4553 2 2 1 1 471 469 2431
4554 2 2 1 1 527 364 2487
4555 2 2 1 1 2226 532 2429
4556 2 2 1 1 390 388 2432
4557 2 2 1 1 1802 1803 2490
4558 2 2 1 1 360 537 2488
4559 2 2 1 1 2430 471 2431
4560 2 2 1 1 1771 2072 2434
4561 2 2 1 1 2521 1452 2524
4562 2 2 1 1 477 475 2435
4563 2 2 1 1 1145 2524 2530
4564 2 2 1 1 2467 1415 2473
4565 2 2 1 1 1826 1824 2438
4566 2 2 1 1 2342 1509 2478
4567 2 2 1 1 1606 1340 2558
4568 2 2 1 1 844 937 2437
4569 2 2 1 1 1736 2474 2475
4570 2 2 1 1 747 750 2439
4571 2 2 1 1 2439 750 2441
4572 2 2 1 1 2406 1853 2446
4573 2 2 1 1 1847 1845 2443
4574 2 2 1 1 1853 1851 2446
4575 2 2 1 1 2519 520 2523
4576 2 2 1 1 1444 1436 2440
4577 2 2 1 1 642 640 2442
4578 2 2 1 1 1074 2420 2527
4579 2 2 1 1 750 2277 2441
4580 2 2 1 1 2701 1630 2738
4581 2 2 1 1 481 479 2444
4582 2 2 1 1 1879 1880 2445
4583 2 2 1 1 2423 1737 2492
4584 2 2 1 1 1428 2273 2481
4585 2 2 1 1 927 2305 2468
4586 2 2 1 1 2440 1436 2447
4587 2 2 1 1 1835 1834 2448
4588 2 2 1 1 646 644 2449
4589 2 2 1 1 2424 1320 2493
4590 2 2 1 1 356 1339 2494
4591 2 2 1 1 2429 532 2446
4592 2 2 1 1 537 358 2494
4593 2 2 1 1 2305 1757 2468
4594 2 2 1 1 1417 2434 2451
4595 2 2 1 1 1493 2478 2489
4596 2 2 1 1 2233 846 2495
4597 2 2 1 1 1987 1336 2466
4598 2 2 1 1 779 1426 2451
4599 2 2 1 1 1385 1341 2501
4600 2 2 1 1 1434 2467 2473
4601 2 2 1 1 1436 2330 2447
4602 2 2 1 1 499 497 2460
4603 2 2 1 1 654 652 2453
4604 2 2 1 1 1869 1873 2454
4605 2 2 1 1 1861 1862 2455
4606 2 2 1 1 650 648 2456
4607 2 2 1 1 656 654 2458
4608 2 2 1 1 2417 1959 2471
4609 2 2 1 1 485 483 2459
4610 2 2 1 1 1840 2108 2461
4611 2 2 1 1 654 2453 2458
4612 2 2 1 1 1020 2005 2628
4613 2 2 1 1 1873 1874 2502
4614 2 2 1 1 2451 1426 2457
4615 2 2 1 1 2460 497 2463
4616 2 2 1 1 1426 2275 2457
4617 2 2 1 1 497 495 2463
4618 2 2 1 1 485 2459 2462
4619 2 2 1 1 487 485 2462
4620 2 2 1 1 853 2327 2452
4621 2 2 1 1 1415 1416 2473
4622 2 2 1 1 491 489 2464
4623 2 2 1 1 493 491 2465
4624 2 2 1 1 2082 1415 2467
4625 2 2 1 1 2291 2417 2471
4626 2 2 1 1 491 2464 2465
4627 2 2 1 1 2437 1444 2440
4628 2 2 1 1 1491 2475 2476
4629 2 2 1 1 2502 1874 2519
4630 2 2 1 1 158 159 2496
4631 2 2 1 1 2511 2094 2662
4632 2 2 1 1 2206 927 2468
4633 2 2 1 1 2031 1332 2497
4634 2 2 1 1 1741 2471 2472
4635 2 2 1 1 145 278 2469
4636 2 2 1 1 1334 1501 2497
4637 2 2 1 1 1189 1373 2470
4638 2 2 1 1 2146 269 2679
4639 2 2 1 1 1740 1741 2472
4640 2 2 1 1 2498 1873 2502
4641 2 2 1 1 2154 920 2498
4642 2 2 1 1 1741 2291 2471
4643 2 2 1 1 2420 1377 2527
4644 2 2 1 1 809 811 2474
4645 2 2 1 1 1190 1434 2473
4646 2 2 1 1 897 1782 2538
4647 2 2 1 1 1490 1736 2475
4648 2 2 1 1 287 1587 2586
4649 2 2 1 1 1963 1790 2491
4650 2 2 1 1 2460 1385 2501
4651 2 2 1 1 1740 2472 2479
4652 2 2 1 1 2495 1991 2522
4653 2 2 1 1 2409 1660 2589
4654 2 2 1 1 815 2243 2476
4655 2 2 1 1 2018 1449 2530
4656 2 2 1 1 1939 1817 2529
4657 2 2 1 1 1734 251 2619
4658 2 2 1 1 2165 1372 2520
4659 2 2 1 1 2537 1793 2540
4660 2 2 1 1 755 758 2477
4661 2 2 1 1 594 897 2538
4662 2 2 1 1 585 584 2538
4663 2 2 1 1 2434 779 2451
4664 2 2 1 1 2476 2243 2478
4665 2 2 1 1 1145 1076 2524
4666 2 2 1 1 2538 1782 2540
4667 2 2 1 1 1964 2494 2522
4668 2 2 1 1 1445 1446 2532
4669 2 2 1 1 759 762 2480
4670 2 2 1 1 2273 519 2481
4671 2 2 1 1 2243 2342 2478
4672 2 2 1 1 1509 1510 2489
4673 2 2 1 1 1343 1142 2537
4674 2 2 1 1 2053 2040 2544
4675 2 2 1 1 370 368 2483
4676 2 2 1 1 763 966 2482
4677 2 2 1 1 1991 2495 2533
4678 2 2 1 1 1446 2282 2528
4679 2 2 1 1 2501 1341 2521
4680 2 2 1 1 368 366 2484
4681 2 2 1 1 2483 368 2484
4682 2 2 1 1 1337 1437 2485
4683 2 2 1 1 1673 1670 2486
4684 2 2 1 1 2454 1873 2498
4685 2 2 1 1 364 362 2487
4686 2 2 1 1 1229 1802 2490
4687 2 2 1 1 2049 2050 2544
4688 2 2 1 1 362 360 2488
4689 2 2 1 1 2487 362 2488
4690 2 2 1 1 1513 1493 2489
4691 2 2 1 1 1251 2413 2525
4692 2 2 1 1 2413 1940 2525
4693 2 2 1 1 920 2454 2498
4694 2 2 1 1 2414 1740 2479
4695 2 2 1 1 2475 815 2476
4696 2 2 1 1 548 997 2532
4697 2 2 1 1 2016 247 2640
4698 2 2 1 1 1710 1711 2553
4699 2 2 1 1 358 356 2494
4700 2 2 1 1 1183 1964 2522
4701 2 2 1 1 1773 1344 2541
4702 2 2 1 1 1339 2233 2495
4703 2 2 1 1 1800 1133 2553
4704 2 2 1 1 1342 1991 2533
4705 2 2 1 1 1344 1342 2539
4706 2 2 1 1 1663 1537 2673
4707 2 2 1 1 1535 1175 2551
4708 2 2 1 1 1926 1925 2590
4709 2 2 1 1 1453 1773 2543
4710 2 2 1 1 1344 2539 2541
4711 2 2 1 1 1932 1934 2559
4712 2 2 1 1 1454 1453 2546
4713 2 2 1 1 1342 2533 2539
4714 2 2 1 1 1594 1454 2548
4715 2 2 1 1 2530 1449 2534
4716 2 2 1 1 1453 2543 2546
4717 2 2 1 1 2424 1319 2492
4718 2 2 1 1 2288 2404 2542
4719 2 2 1 1 321 2507 2599
4720 2 2 1 1 2404 1345 2542
4721 2 2 1 1 2175 1710 2553
4722 2 2 1 1 1454 2546 2548
4723 2 2 1 1 2044 1524 2555
4724 2 2 1 1 2428 1387 2493
4725 2 2 1 1 1584 1375 2555
4726 2 2 1 1 1773 2541 2543
4727 2 2 1 1 2524 1452 2530
4728 2 2 1 1 2183 316 2655
4729 2 2 1 1 159 298 2496
4730 2 2 1 1 1492 1513 2556
4731 2 2 1 1 2004 2003 2499
4732 2 2 1 1 1332 1334 2497
4733 2 2 1 1 326 1592 2564
4734 2 2 1 1 1446 2529 2532
4735 2 2 1 1 2302 2154 2498
4736 2 2 1 1 271 230 2500
4737 2 2 1 1 320 137 2503
4738 2 2 1 1 30 319 2504
4739 2 2 1 1 137 138 2503
4740 2 2 1 1 29 30 2504
4741 2 2 1 1 276 34 2505
4742 2 2 1 1 133 277 2506
4743 2 2 1 1 35 321 2505
4744 2 2 1 1 323 132 2506
4745 2 2 1 1 321 36 2507
4746 2 2 1 1 131 323 2508
4747 2 2 1 1 34 35 2505
4748 2 2 1 1 132 133 2506
4749 2 2 1 1 37 273 2507
4750 2 2 1 1 272 130 2508
4751 2 2 1 1 36 37 2507
4752 2 2 1 1 130 131 2508
4753 2 2 1 1 129 272 2509
4754 2 2 1 1 128 129 2509
4755 2 2 1 1 1708 1153 2584
4756 2 2 1 1 324 128 2509
4757 2 2 1 1 40 41 2510
4758 2 2 1 1 126 127 2518
4759 2 2 1 1 43 44 2515
4760 2 2 1 1 123 124 2511
4761 2 2 1 1 97 98 2512
4762 2 2 1 1 73 74 2513
4763 2 2 1 1 69 70 2514
4764 2 2 1 1 96 97 2516
4765 2 2 1 1 82 83 2517
4766 2 2 1 1 322 40 2510
4767 2 2 1 1 127 324 2518
4768 2 2 1 1 41 251 2510
4769 2 2 1 1 250 126 2518
4770 2 2 1 1 44 292 2515
4771 2 2 1 1 2302 2498 2502
4772 2 2 1 1 293 123 2511
4773 2 2 1 1 98 283 2512
4774 2 2 1 1 74 285 2513
4775 2 2 1 1 284 69 2514
4776 2 2 1 1 240 96 2516
4777 2 2 1 1 83 237 2517
4778 2 2 1 1 1448 2302 2502
4779 2 2 1 1 1687 2189 2667
4780 2 2 1 1 1448 2502 2519
4781 2 2 1 1 1447 1448 2519
4782 2 2 1 1 2017 1351 2561
4783 2 2 1 1 1755 917 2526
4784 2 2 1 1 1703 286 2746
4785 2 2 1 1 2359 522 2501
4786 2 2 1 1 1447 2519 2523
4787 2 2 1 1 1372 1744 2520
4788 2 2 1 1 1296 2521 2524
4789 2 2 1 1 1076 1296 2524
4790 2 2 1 1 1817 548 2529
4791 2 2 1 1 1452 2018 2530
4792 2 2 1 1 2298 1251 2525
4793 2 2 1 1 1793 585 2540
4794 2 2 1 1 2282 2298 2528
4795 2 2 1 1 2247 1445 2531
4796 2 2 1 1 2404 1074 2527
4797 2 2 1 1 1296 2359 2521
4798 2 2 1 1 846 2184 2533
4799 2 2 1 1 584 594 2538
4800 2 2 1 1 2298 2525 2528
4801 2 2 1 1 2247 2531 2535
4802 2 2 1 1 1142 1141 2537
4803 2 2 1 1 194 195 2536
4804 2 2 1 1 1630 2589 2738
4805 2 2 1 1 1141 2247 2535
4806 2 2 1 1 2533 2184 2539
4807 2 2 1 1 1141 2535 2537
4808 2 2 1 1 1782 1343 2540
4809 2 2 1 1 2184 551 2539
4810 2 2 1 1 2359 2501 2521
4811 2 2 1 1 2539 551 2541
4812 2 2 1 1 551 2227 2541
4813 2 2 1 1 59 245 2550
4814 2 2 1 1 2418 1447 2523
4815 2 2 1 1 1365 1544 2569
4816 2 2 1 1 78 79 2552
4817 2 2 1 1 1460 1366 2569
4818 2 2 1 1 2679 269 2709
4819 2 2 1 1 317 155 2568
4820 2 2 1 1 156 275 2568
4821 2 2 1 1 2541 2227 2543
4822 2 2 1 1 997 2531 2532
4823 2 2 1 1 2420 1145 2534
4824 2 2 1 1 2050 2053 2544
4825 2 2 1 1 589 2288 2542
4826 2 2 1 1 2227 797 2543
4827 2 2 1 1 589 2542 2545
4828 2 2 1 1 2543 797 2546
4829 2 2 1 1 2287 589 2545
4830 2 2 1 1 245 60 2554
4831 2 2 1 1 797 2230 2546
4832 2 2 1 1 903 2547 2549
4833 2 2 1 1 1145 2530 2534
4834 2 2 1 1 903 2287 2547
4835 2 2 1 1 2546 2230 2548
4836 2 2 1 1 2230 1178 2548
4837 2 2 1 1 2287 2545 2547
4838 2 2 1 1 2312 903 2549
4839 2 2 1 1 64 65 2557
4840 2 2 1 1 1942 1922 2572
4841 2 2 1 1 58 59 2550
4842 2 2 1 1 1923 1926 2572
4843 2 2 1 1 251 1734 2689
4844 2 2 1 1 1339 2495 2522
4845 2 2 1 1 1605 1606 2558
4846 2 2 1 1 302 1635 2575
4847 2 2 1 1 1175 2312 2551
4848 2 2 1 1 239 78 2552
4849 2 2 1 1 2312 2549 2551
4850 2 2 1 1 2041 2027 2574
4851 2 2 1 1 2061 1581 2669
4852 2 2 1 1 291 57 2560
4853 2 2 1 1 2039 2038 2574
4854 2 2 1 1 97 2512 2516
4855 2 2 1 1 2225 981 2587
4856 2 2 1 1 2529 548 2532
4857 2 2 1 1 14 266 2576
4858 2 2 1 1 318 13 2576
4859 2 2 1 1 1506 2150 2722
4860 2 2 1 1 1133 2175 2553
4861 2 2 1 1 1558 2094 2578
4862 2 2 1 1 2143 1556 2578
4863 2 2 1 1 325 2562 2563
4864 2 2 1 1 60 61 2554
4865 2 2 1 1 1065 1054 2579
4866 2 2 1 1 1052 2202 2579
4867 2 2 1 1 2531 1445 2532
4868 2 2 1 1 2136 1064 2606
4869 2 2 1 1 280 81 2566
4870 2 2 1 1 62 288 2567
4871 2 2 1 1 1375 2044 2555
4872 2 2 1 1 2052 2051 2582
4873 2 2 1 1 20 21 2581
4874 2 2 1 1 2047 2048 2582
4875 2 2 1 1 1659 1068 2663
4876 2 2 1 1 2185 1492 2556
4877 2 2 1 1 65 243 2557
4878 2 2 1 1 80 280 2571
4879 2 2 1 1 1146 1800 2609
4880 2 2 1 1 1583 1468 2585
4881 2 2 1 1 1465 1463 2585
4882 2 2 1 1 1478 1522 2600
4883 2 2 1 1 1777 1312 2588
4884 2 2 1 1 247 2016 2659
4885 2 2 1 1 991 1997 2624
4886 2 2 1 1 1675 1671 2587
4887 2 2 1 1 1934 1936 2559
4888 2 2 1 1 1147 1146 2588
4889 2 2 1 1 57 58 2560
4890 2 2 1 1 1705 1703 2746
4891 2 2 1 1 1350 1754 2565
4892 2 2 1 1 146 147 2590
4893 2 2 1 1 1351 2032 2561
4894 2 2 1 1 297 25 2593
4895 2 2 1 1 26 328 2593
4896 2 2 1 1 2552 79 2571
4897 2 2 1 1 293 2511 2662
4898 2 2 1 1 2210 2209 2592
4899 2 2 1 1 1070 2221 2733
4900 2 2 1 1 2573 1652 2697
4901 2 2 1 1 1547 2583 2699
4902 2 2 1 1 325 235 2562
4903 2 2 1 1 164 326 2564
4904 2 2 1 1 58 2550 2560
4905 2 2 1 1 282 1593 2660
4906 2 2 1 1 82 2517 2566
4907 2 2 1 1 1655 261 2620
4908 2 2 1 1 1525 2496 2736
4909 2 2 1 1 1542 1350 2565
4910 2 2 1 1 237 84 2583
4911 2 2 1 1 1549 2598 2672
4912 2 2 1 1 2559 1936 2683
4913 2 2 1 1 2156 1500 2599
4914 2 2 1 1 1456 2552 2571
4915 2 2 1 1 2500 231 2724
4916 2 2 1 1 1632 985 2752
4917 2 2 1 1 1370 1632 2752
4918 2 2 1 1 785 1725 2674
4919 2 2 1 1 1462 2512 2706
4920 2 2 1 1 2121 1352 2601
4921 2 2 1 1 310 1691 2675
4922 2 2 1 1 2167 2168 2601
4923 2 2 1 1 1068 1659 2696
4924 2 2 1 1 2006 1020 2760
4925 2 2 1 1 81 82 2566
4926 2 2 1 1 1477 1474 2602
4927 2 2 1 1 61 62 2567
4928 2 2 1 1 155 156 2568
4929 2 2 1 1 1366 1365 2569
4930 2 2 1 1 219 310 2620
4931 2 2 1 1 261 218 2620
4932 2 2 1 1 257 1641 2570
4933 2 2 1 1 2554 61 2567
4934 2 2 1 1 1570 2061 2604
4935 2 2 1 1 1576 1568 2604
4936 2 2 1 1 71 241 2591
4937 2 2 1 1 2183 1807 2605
4938 2 2 1 1 56 291 2595
4939 2 2 1 1 1360 1542 2605
4940 2 2 1 1 1064 1022 2606
4941 2 2 1 1 1019 1061 2606
4942 2 2 1 1 1551 1942 2611
4943 2 2 1 1 138 139 2596
4944 2 2 1 1 28 29 2597
4945 2 2 1 1 79 80 2571
4946 2 2 1 1 285 75 2598
4947 2 2 1 1 1665 1155 2652
4948 2 2 1 1 1653 308 2765
4949 2 2 1 1 1637 303 2730
4950 2 2 1 1 1606 300 2743
4951 2 2 1 1 267 1597 2686
4952 2 2 1 1 1507 1506 2612
4953 2 2 1 1 1922 1923 2572
4954 2 2 1 1 2590 147 2731
4955 2 2 1 1 1070 2733 2761
4956 2 2 1 1 23 24 2615
4957 2 2 1 1 2224 1440 2614
4958 2 2 1 1 1634 252 2614
4959 2 2 1 1 116 287 2586
4960 2 2 1 1 1483 1535 2661
4961 2 2 1 1 1608 1609 2580
4962 2 2 1 1 1753 302 2575
4963 2 2 1 1 286 1703 2656
4964 2 2 1 1 288 63 2603
4965 2 2 1 1 2038 2041 2574
4966 2 2 1 1 303 1638 2691
4967 2 2 1 1 1349 2052 2617
4968 2 2 1 1 2514 70 2591
4969 2 2 1 1 64 2557 2603
4970 2 2 1 1 1682 1685 2618
4971 2 2 1 1 46 47 2607
4972 2 2 1 1 13 14 2576
4973 2 2 1 1 1723 244 2740
4974 2 2 1 1 2232 1020 2628
4975 2 2 1 1 293 2662 2723
4976 2 2 1 1 1684 2210 2681
4977 2 2 1 1 2345 1599 2577
4978 2 2 1 1 2236 2006 2760
4979 2 2 1 1 144 2469 2632
4980 2 2 1 1 1556 1558 2578
4981 2 2 1 1 1618 1620 2628
4982 2 2 1 1 1054 1052 2579
4983 2 2 1 1 282 93 2610
4984 2 2 1 1 1707 1677 2703
4985 2 2 1 1 1522 2500 2724
4986 2 2 1 1 20 2581 2735
4987 2 2 1 1 247 54 2616
4988 2 2 1 1 1361 1775 2629
4989 2 2 1 1 115 116 2586
4990 2 2 1 1 1742 1613 2637
4991 2 2 1 1 2557 2052 2603
4992 2 2 1 1 296 143 2632
4993 2 2 1 1 2469 1931 2632
4994 2 2 1 1 2496 298 2736
4995 2 2 1 1 1028 1066 2633
4996 2 2 1 1 251 42 2619
4997 2 2 1 1 21 279 2581
4998 2 2 1 1 16 316 2634
4999 2 2 1 1 266 15 2634
5000 2 2 1 1 285 1727 2757
5001 2 2 1 1 1613 1614 2637
5002 2 2 1 1 2051 2047 2582
5003 2 2 1 1 1513 2489 2608
5004 2 2 1 1 84 85 2583
5005 2 2 1 1 2669 1581 2745
5006 2 2 1 1 1472 1603 2685
5007 2 2 1 1 2028 2016 2640
5008 2 2 1 1 101 242 2621
5009 2 2 1 1 1695 2666 2685
5010 2 2 1 1 2026 2025 2640
5011 2 2 1 1 120 121 2622
5012 2 2 1 1 1749 1585 2654
5013 2 2 1 1 325 2563 2661
5014 2 2 1 1 1721 1726 2638
5015 2 2 1 1 31 32 2625
5016 2 2 1 1 1587 1589 2586
5017 2 2 1 1 125 250 2627
5018 2 2 1 1 1540 1583 2621
5019 2 2 1 1 1552 324 2747
5020 2 2 1 1 1603 265 2685
5021 2 2 1 1 2517 237 2671
5022 2 2 1 1 1468 1465 2585
5023 2 2 1 1 134 135 2631
5024 2 2 1 1 2556 254 2717
5025 2 2 1 1 110 289 2630
5026 2 2 1 1 1734 2116 2689
5027 2 2 1 1 1367 1965 2642
5028 2 2 1 1 2052 2557 2617
5029 2 2 1 1 1718 1720 2624
5030 2 2 1 1 2046 991 2680
5031 2 2 1 1 2074 1545 2644
5032 2 2 1 1 1531 1458 2644
5033 2 2 1 1 1671 1672 2587
5034 2 2 1 1 1932 2559 2728
5035 2 2 1 1 2300 1364 2647
5036 2 2 1 1 45 46 2636
5037 2 2 1 1 1312 1147 2588
5038 2 2 1 1 257 2570 2635
5039 2 2 1 1 43 2515 2619
5040 2 2 1 1 1631 2409 2589
5041 2 2 1 1 1064 2136 2701
5042 2 2 1 1 2601 2168 2721
5043 2 2 1 1 1272 1497 2652
5044 2 2 1 1 1596 1457 2654
5045 2 2 1 1 274 1582 2762
5046 2 2 1 1 1716 1718 2624
5047 2 2 1 1 2145 315 2611
5048 2 2 1 1 1155 2281 2652
5049 2 2 1 1 1535 2551 2600
5050 2 2 1 1 2017 2561 2734
5051 2 2 1 1 278 146 2590
5052 2 2 1 1 1677 1675 2703
5053 2 2 1 1 70 71 2591
5054 2 2 1 1 1703 1704 2656
5055 2 2 1 1 1451 2183 2655
5056 2 2 1 1 1596 91 2660
5057 2 2 1 1 25 26 2593
5058 2 2 1 1 2209 1069 2592
5059 2 2 1 1 2511 124 2627
5060 2 2 1 1 1800 2553 2594
5061 2 2 1 1 158 2496 2677
5062 2 2 1 1 55 56 2595
5063 2 2 1 1 87 88 2643
5064 2 2 1 1 2094 2093 2662
5065 2 2 1 1 1652 1653 2697
5066 2 2 1 1 67 68 2645
5067 2 2 1 1 1658 1656 2690
5068 2 2 1 1 273 38 2646
5069 2 2 1 1 1463 1462 2706
5070 2 2 1 1 39 322 2646
5071 2 2 1 1 1068 1032 2663
5072 2 2 1 1 1499 1374 2664
5073 2 2 1 1 308 216 2765
5074 2 2 1 1 217 261 2765
5075 2 2 1 1 1926 2590 2731
5076 2 2 1 1 1154 1472 2666
5077 2 2 1 1 232 294 2724
5078 2 2 1 1 1683 1687 2667
5079 2 2 1 1 1182 1821 2671
5080 2 2 1 1 246 114 2648
5081 2 2 1 1 135 136 2650
5082 2 2 1 1 595 785 2674
5083 2 2 1 1 2497 1501 2607
5084 2 2 1 1 1537 1260 2673
5085 2 2 1 1 1102 1155 2673
5086 2 2 1 1 2219 1070 2761
5087 2 2 1 1 75 76 2598
5088 2 2 1 1 2581 1528 2735
5089 2 2 1 1 1539 2265 2641
5090 2 2 1 1 1459 1531 2757
5091 2 2 1 1 275 157 2677
5092 2 2 1 1 1531 2513 2757
5093 2 2 1 1 2496 1527 2677
5094 2 2 1 1 53 247 2659
5095 2 2 1 1 2559 296 2728
5096 2 2 1 1 315 151 2686
5097 2 2 1 1 152 267 2686
5098 2 2 1 1 1512 2156 2599
5099 2 2 1 1 1352 2167 2601
5100 2 2 1 1 1474 1473 2602
5101 2 2 1 1 1659 1645 2696
5102 2 2 1 1 119 248 2669
5103 2 2 1 1 2486 1539 2641
5104 2 2 1 1 77 239 2672
5105 2 2 1 1 2561 290 2734
5106 2 2 1 1 1925 1927 2698
5107 2 2 1 1 2136 1628 2701
5108 2 2 1 1 1719 289 2678
5109 2 2 1 1 1148 1150 2639
5110 2 2 1 1 249 2497 2607
5111 2 2 1 1 2503 138 2596
5112 2 2 1 1 29 2504 2597
5113 2 2 1 1 1541 1765 2750
5114 2 2 1 1 1528 1495 2709
5115 2 2 1 1 244 1709 2651
5116 2 2 1 1 63 64 2603
5117 2 2 1 1 2553 1711 2594
5118 2 2 1 1 1486 1498 2711
5119 2 2 1 1 1711 267 2726
5120 2 2 1 1 1473 1516 2687
5121 2 2 1 1 965 871 2715
5122 2 2 1 1 2007 2008 2723
5123 2 2 1 1 1691 1684 2681
5124 2 2 1 1 139 3 2719
5125 2 2 1 1 2 28 2720
5126 2 2 1 1 3 140 2719
5127 2 2 1 1 27 2 2720
5128 2 2 1 1 236 1 2713
5129 2 2 1 1 4 163 2714
5130 2 2 1 1 299 8 2716
5131 2 2 1 1 2202 1067 2763
5132 2 2 1 1 1 5 2713
5133 2 2 1 1 162 4 2714
5134 2 2 1 1 1020 1013 2760
5135 2 2 1 1 839 2236 2760
5136 2 2 1 1 267 153 2726
5137 2 2 1 1 154 317 2726
5138 2 2 1 1 1568 1570 2604
5139 2 2 1 1 9 10 2727
5140 2 2 1 1 328 2597 2626
5141 2 2 1 1 148 268 2731
5142 2 2 1 1 2015 2014 2734
5143 2 2 1 1 1653 1654 2697
5144 2 2 1 1 1108 1370 2752
5145 2 2 1 1 1803 1511 2749
5146 2 2 1 1 1150 2263 2759
5147 2 2 1 1 985 982 2752
5148 2 2 1 1 269 19 2735
5149 2 2 1 1 2004 2499 2656
5150 2 2 1 1 2064 2065 2702
5151 2 2 1 1 1592 2613 2739
5152 2 2 1 1 290 51 2695
5153 2 2 1 1 2526 917 2674
5154 2 2 1 1 1807 1360 2605
5155 2 2 1 1 1022 1019 2606
5156 2 2 1 1 47 249 2607
5157 2 2 1 1 86 281 2699
5158 2 2 1 1 88 89 2700
5159 2 2 1 1 2557 243 2617
5160 2 2 1 1 241 72 2704
5161 2 2 1 1 2510 251 2689
5162 2 2 1 1 2556 1513 2729
5163 2 2 1 1 2551 1478 2600
5164 2 2 1 1 55 2595 2616
5165 2 2 1 1 32 33 2721
5166 2 2 1 1 93 94 2610
5167 2 2 1 1 121 122 2764
5168 2 2 1 1 115 2586 2648
5169 2 2 1 1 2513 1531 2704
5170 2 2 1 1 103 104 2756
5171 2 2 1 1 303 2691 2730
5172 2 2 1 1 1666 309 2708
5173 2 2 1 1 1544 1543 2610
5174 2 2 1 1 2046 2680 2755
5175 2 2 1 1 95 240 2753
5176 2 2 1 1 105 106 2746
5177 2 2 1 1 244 108 2740
5178 2 2 1 1 287 117 2745
5179 2 2 1 1 307 2150 2682
5180 2 2 1 1 2489 1510 2608
5181 2 2 1 1 1550 1551 2611
5182 2 2 1 1 1510 1507 2612
5183 2 2 1 1 330 2295 2732
5184 2 2 1 1 1440 2157 2614
5185 2 2 1 1 24 297 2615
5186 2 2 1 1 1638 257 2635
5187 2 2 1 1 107 244 2651
5188 2 2 1 1 2150 1502 2682
5189 2 2 1 1 54 55 2616
5190 2 2 1 1 2436 1526 2613
5191 2 2 1 1 1500 2121 2684
5192 2 2 1 1 2499 103 2756
5193 2 2 1 1 73 2513 2704
5194 2 2 1 1 2586 1589 2648
5195 2 2 1 1 1775 1484 2688
5196 2 2 1 1 289 111 2678
5197 2 2 1 1 2185 2556 2717
5198 2 2 1 1 276 2601 2721
5199 2 2 1 1 845 1742 2637
5200 2 2 1 1 1636 2556 2729
5201 2 2 1 1 1965 1349 2617
5202 2 2 1 1 1684 1682 2618
5203 2 2 1 1 2210 1684 2763
5204 2 2 1 1 42 43 2619
5205 2 2 1 1 1620 1624 2710
5206 2 2 1 1 91 92 2660
5207 2 2 1 1 2189 1687 2759
5208 2 2 1 1 1725 785 2755
5209 2 2 1 1 2034 281 2643
5210 2 2 1 1 2510 2689 2758
5211 2 2 1 1 1997 1716 2624
5212 2 2 1 1 1607 1536 2725
5213 2 2 1 1 991 2624 2680
5214 2 2 1 1 218 219 2620
5215 2 2 1 1 100 101 2621
5216 2 2 1 1 2723 2008 2764
5217 2 2 1 1 1340 1148 2639
5218 2 2 1 1 66 67 2670
5219 2 2 1 1 1687 1688 2623
5220 2 2 1 1 248 120 2622
5221 2 2 1 1 2526 2674 2748
5222 2 2 1 1 319 31 2625
5223 2 2 1 1 1376 1584 2626
5224 2 2 1 1 2516 1462 2707
5225 2 2 1 1 124 125 2627
5226 2 2 1 1 2584 1153 2666
5227 2 2 1 1 2005 1618 2628
5228 2 2 1 1 1530 1368 2658
5229 2 2 1 1 1546 1361 2629
5230 2 2 1 1 109 110 2630
5231 2 2 1 1 277 134 2631
5232 2 2 1 1 102 103 2692
5233 2 2 1 1 143 144 2632
5234 2 2 1 1 2631 2300 2647
5235 2 2 1 1 1935 2299 2665
5236 2 2 1 1 2592 1069 2690
5237 2 2 1 1 1462 1460 2707
5238 2 2 1 1 1030 1028 2633
5239 2 2 1 1 2618 2202 2763
5240 2 2 1 1 1604 271 2687
5241 2 2 1 1 1368 1456 2658
5242 2 2 1 1 2513 285 2757
5243 2 2 1 1 15 16 2634
5244 2 2 1 1 2583 85 2699
5245 2 2 1 1 292 45 2636
5246 2 2 1 1 2558 1340 2639
5247 2 2 1 1 1614 1622 2637
5248 2 2 1 1 1724 1721 2638
5249 2 2 1 1 2598 76 2672
5250 2 2 1 1 2611 1942 2742
5251 2 2 1 1 2623 1150 2759
5252 2 2 1 1 1800 2594 2609
5253 2 2 1 1 103 2499 2692
5254 2 2 1 1 2672 239 2750
5255 2 2 1 1 2299 2300 2665
5256 2 2 1 1 1530 2658 2751
5257 2 2 1 1 1586 2034 2643
5258 2 2 1 1 2265 965 2641
5259 2 2 1 1 1935 2665 2676
5260 2 2 1 1 2025 2028 2640
5261 2 2 1 1 1600 325 2661
5262 2 2 1 1 1936 1935 2676
5263 2 2 1 1 106 107 2651
5264 2 2 1 1 1537 1662 2682
5265 2 2 1 1 2620 310 2675
5266 2 2 1 1 2228 1064 2701
5267 2 2 1 1 277 2647 2649
5268 2 2 1 1 2629 299 2716
5269 2 2 1 1 1724 1590 2748
5270 2 2 1 1 2065 1367 2642
5271 2 2 1 1 2224 2614 2725
5272 2 2 1 1 281 87 2643
5273 2 2 1 1 92 282 2660
5274 2 2 1 1 1458 2074 2644
5275 2 2 1 1 68 284 2645
5276 2 2 1 1 1030 2633 2663
5277 2 2 1 1 112 1726 2678
5278 2 2 1 1 2687 1516 2743
5279 2 2 1 1 38 39 2646
5280 2 2 1 1 1364 1479 2647
5281 2 2 1 1 1673 2486 2641
5282 2 2 1 1 2599 1500 2684
5283 2 2 1 1 2006 2236 2712
5284 2 2 1 1 1480 1532 2693
5285 2 2 1 1 1690 2558 2639
5286 2 2 1 1 1536 2224 2725
5287 2 2 1 1 2506 277 2649
5288 2 2 1 1 1695 2584 2666
5289 2 2 1 1 1479 2084 2649
5290 2 2 1 1 2084 2083 2657
5291 2 2 1 1 1501 1480 2693
5292 2 2 1 1 114 115 2648
5293 2 2 1 1 1456 2571 2658
5294 2 2 1 1 2647 1479 2649
5295 2 2 1 1 2628 1620 2710
5296 2 2 1 1 785 2046 2755
5297 2 2 1 1 136 320 2650
5298 2 2 1 1 1658 2573 2697
5299 2 2 1 1 243 66 2670
5300 2 2 1 1 1709 1705 2651
5301 2 2 1 1 2281 1272 2652
5302 2 2 1 1 2610 94 2753
5303 2 2 1 1 1484 2563 2732
5304 2 2 1 1 1457 1749 2654
5305 2 2 1 1 2065 2645 2702
5306 2 2 1 1 1544 2610 2753
5307 2 2 1 1 2506 2649 2657
5308 2 2 1 1 1450 1451 2655
5309 2 2 1 1 2657 2083 2668
5310 2 2 1 1 1704 2004 2656
5311 2 2 1 1 254 2536 2717
5312 2 2 1 1 845 2637 2712
5313 2 2 1 1 2003 242 2692
5314 2 2 1 1 2083 1455 2668
5315 2 2 1 1 1629 1627 2691
5316 2 2 1 1 52 53 2659
5317 2 2 1 1 1593 1596 2660
5318 2 2 1 1 2658 280 2751
5319 2 2 1 1 2093 1577 2662
5320 2 2 1 1 1032 1030 2663
5321 2 2 1 1 1455 1517 2694
5322 2 2 1 1 1374 1376 2664
5323 2 2 1 1 1534 2515 2754
5324 2 2 1 1 1640 256 2722
5325 2 2 1 1 323 2657 2668
5326 2 2 1 1 2649 2084 2657
5327 2 2 1 1 1153 1154 2666
5328 2 2 1 1 163 2564 2714
5329 2 2 1 1 2562 236 2713
5330 2 2 1 1 323 2506 2657
5331 2 2 1 1 271 2602 2687
5332 2 2 1 1 1942 2572 2742
5333 2 2 1 1 1450 2655 2679
5334 2 2 1 1 2571 280 2658
5335 2 2 1 1 2514 1494 2744
5336 2 2 1 1 1685 1683 2667
5337 2 2 1 1 2638 246 2705
5338 2 2 1 1 109 2630 2740
5339 2 2 1 1 1460 2569 2707
5340 2 2 1 1 111 112 2678
5341 2 2 1 1 118 119 2669
5342 2 2 1 1 1497 1538 2708
5343 2 2 1 1 1949 1182 2671
5344 2 2 1 1 242 102 2692
5345 2 2 1 1 76 77 2672
5346 2 2 1 1 246 2648 2705
5347 2 2 1 1 265 1695 2685
5348 2 2 1 1 1502 1537 2682
5349 2 2 1 1 2665 320 2676
5350 2 2 1 1 306 1636 2729
5351 2 2 1 1 1260 1102 2673
5352 2 2 1 1 917 595 2674
5353 2 2 1 1 2693 1532 2754
5354 2 2 1 1 1657 1655 2675
5355 2 2 1 1 2694 1517 2718
5356 2 2 1 1 2637 1622 2712
5357 2 2 1 1 157 158 2677
5358 2 2 1 1 981 1707 2703
5359 2 2 1 1 300 1604 2743
5360 2 2 1 1 2145 2611 2742
5361 2 2 1 1 2508 323 2668
5362 2 2 1 1 1726 1719 2678
5363 2 2 1 1 1996 1450 2679
5364 2 2 1 1 2536 1498 2717
5365 2 2 1 1 1517 1519 2718
5366 2 2 1 1 1582 1514 2762
5367 2 2 1 1 1720 1722 2680
5368 2 2 1 1 1662 307 2682
5369 2 2 1 1 2662 1577 2723
5370 2 2 1 1 52 2659 2695
5371 2 2 1 1 1590 2526 2748
5372 2 2 1 1 327 2151 2683
5373 2 2 1 1 320 2503 2676
5374 2 2 1 1 151 152 2686
5375 2 2 1 1 2295 299 2688
5376 2 2 1 1 2116 1485 2689
5377 2 2 1 1 1069 2213 2690
5378 2 2 1 1 2594 317 2737
5379 2 2 1 1 2490 322 2758
5380 2 2 1 1 1675 2587 2703
5381 2 2 1 1 2568 1778 2737
5382 2 2 1 1 1996 2679 2709
5383 2 2 1 1 2585 1463 2706
5384 2 2 1 1 1519 1552 2747
5385 2 2 1 1 321 2599 2684
5386 2 2 1 1 309 2653 2708
5387 2 2 1 1 51 52 2695
5388 2 2 1 1 1514 1546 2762
5389 2 2 1 1 2569 240 2707
5390 2 2 1 1 322 2510 2758
5391 2 2 1 1 2572 268 2742
5392 2 2 1 1 1645 1647 2696
5393 2 2 1 1 2656 2499 2756
5394 2 2 1 1 2505 321 2684
5395 2 2 1 1 1654 1658 2697
5396 2 2 1 1 2614 252 2725
5397 2 2 1 1 1622 2006 2712
5398 2 2 1 1 1532 1534 2754
5399 2 2 1 1 1927 1930 2698
5400 2 2 1 1 277 2631 2647
5401 2 2 1 1 2613 1526 2736
5402 2 2 1 1 85 86 2699
5403 2 2 1 1 2066 2064 2702
5404 2 2 1 1 89 238 2700
5405 2 2 1 1 1628 1630 2701
5406 2 2 1 1 2689 1485 2758
5407 2 2 1 1 2668 1455 2694
5408 2 2 1 1 1513 2608 2729
5409 2 2 1 1 2624 1720 2680
5410 2 2 1 1 2674 1725 2748
5411 2 2 1 1 1589 1590 2705
5412 2 2 1 1 2499 2003 2692
5413 2 2 1 1 72 73 2704
5414 2 2 1 1 118 2669 2745
5415 2 2 1 1 272 2508 2694
5416 2 2 1 1 1495 1996 2709
5417 2 2 1 1 272 2694 2718
5418 2 2 1 1 1061 2232 2710
5419 2 2 1 1 2680 1722 2755
5420 2 2 1 1 2157 1486 2711
5421 2 2 1 1 2564 329 2714
5422 2 2 1 1 330 2562 2713
5423 2 2 1 1 296 2632 2728
5424 2 2 1 1 2236 845 2712
5425 2 2 1 1 2612 1506 2722
5426 2 2 1 1 871 873 2715
5427 2 2 1 1 2696 1647 2733
5428 2 2 1 1 5 330 2713
5429 2 2 1 1 329 162 2714
5430 2 2 1 1 2596 139 2719
5431 2 2 1 1 28 2597 2720
5432 2 2 1 1 8 9 2716
5433 2 2 1 1 1498 2185 2717
5434 2 2 1 1 33 276 2721
5435 2 2 1 1 140 327 2719
5436 2 2 1 1 328 27 2720
5437 2 2 1 1 1577 2007 2723
5438 2 2 1 1 2300 2650 2665
5439 2 2 1 1 231 232 2724
5440 2 2 1 1 252 1607 2725
5441 2 2 1 1 1821 1530 2751
5442 2 2 1 1 2508 2668 2694
5443 2 2 1 1 153 154 2726
5444 2 2 1 1 1727 1459 2757
5445 2 2 1 1 1931 1932 2728
5446 2 2 1 1 10 274 2727
5447 2 2 1 1 2512 283 2706
5448 2 2 1 1 240 2516 2707
5449 2 2 1 1 1627 1626 2730
5450 2 2 1 1 1655 2620 2675
5451 2 2 1 1 147 148 2731
5452 2 2 1 1 292 2693 2754
5453 2 2 1 1 1549 2672 2750
5454 2 2 1 1 2636 1501 2693
5455 2 2 1 1 1647 1649 2733
5456 2 2 1 1 2232 2628 2710
5457 2 2 1 1 2014 2017 2734
5458 2 2 1 1 2509 272 2718
5459 2 2 1 1 2066 2702 2744
5460 2 2 1 1 1494 2066 2744
5461 2 2 1 1 19 20 2735
5462 2 2 1 1 317 2568 2737
5463 2 2 1 1 1526 1525 2736
5464 2 2 1 1 1066 2228 2738
5465 2 2 1 1 1778 2609 2737
5466 2 2 1 1 2702 284 2744
5467 2 2 1 1 108 109 2740
5468 2 2 1 1 268 2145 2742
5469 2 2 1 1 2733 1649 2761
5470 2 2 1 1 2718 1519 2747
5471 2 2 1 1 2296 329 2739
5472 2 2 1 1 117 118 2745
5473 2 2 1 1 286 105 2746
5474 2 2 1 1 1725 1724 2748
5475 2 2 1 1 1511 1512 2749
5476 2 2 1 1 2503 2596 2741
5477 2 2 1 1 1765 1549 2750
5478 2 2 1 1 982 1108 2752
5479 2 2 1 1 1485 2490 2758
5480 2 2 1 1 94 95 2753
5481 2 2 1 1 2609 2594 2737
5482 2 2 1 1 1722 1725 2755
5483 2 2 1 1 104 286 2756
5484 2 2 1 1 1649 1651 2761
5485 2 2 1 1 1013 839 2760
5486 2 2 1 1 216 217 2765
5487 2 2 1 1 122 293 2764
5488 2 2 1 1 1067 2210 2763
5489 2 2 1 1 2263 2189 2759
5490 2 2 1 1 2642 243 2670
5491 2 2 1 1 293 2723 2764
5492 2 2 1 1 2635 1629 2691
5493 2 2 1 1 283 2585 2706
5494 2 2 1 1 2587 981 2703
5495 2 2 1 1 1546 2629 2716
5496 2 2 1 1 284 2514 2744
5497 2 2 1 1 324 2509 2747
5498 2 2 1 1 2602 1473 2687
5499 2 2 1 1 280 2566 2751
5500 2 2 1 1 1684 2618 2763
5501 2 2 1 1 2566 1821 2751
5502 2 2 1 1 2515 292 2754
5503 2 2 1 1 1687 2623 2759
5504 2 2 1 1 2608 306 2729
5505 2 2 1 1 327 2596 2719
5506 2 2 1 1 2597 328 2720
5507 2 2 1 1 2509 2718 2747
5508 2 2 1 1 2691 1627 2730
5509 2 2 1 1 2650 320 2665
5510 2 2 1 1 2065 2642 2670
5511 2 2 1 1 1604 2687 2743
5512 2 2 1 1 1936 2676 2741
5513 2 2 1 1 2648 1589 2705
5514 2 2 1 1 256 2612 2722
5515 2 2 1 1 1638 2635 2691
5516 2 2 1 1 2589 1066 2738
5517 2 2 1 1 292 2636 2693
5518 2 2 1 1 2613 2296 2739
5519 2 2 1 1 286 2656 2756
5520 2 2 1 1 2645 284 2702
5521 2 2 1 1 2632 1931 2728
5522 2 2 1 1 2653 1497 2708
5523 2 2 1 1 2676 2503 2741
5524 2 2 1 1 2688 1484 2732
5525 2 2 1 1 1546 2727 2762
5526 2 2 1 1 2295 2688 2732
5527 2 2 1 1 2683 1936 2741
5528 2 2 1 1 2727 274 2762
$EndElements
